icu_date,n,rep_date
2020-03-06,1,2020-04-11
2020-03-07,1,2020-04-11
2020-03-08,2,2020-04-11
2020-03-10,2,2020-04-11
2020-03-11,1,2020-04-11
2020-03-13,2,2020-04-11
2020-03-14,6,2020-04-11
2020-03-15,5,2020-04-11
2020-03-16,5,2020-04-11
2020-03-17,4,2020-04-11
2020-03-18,15,2020-04-11
2020-03-19,8,2020-04-11
2020-03-20,18,2020-04-11
2020-03-21,12,2020-04-11
2020-03-22,21,2020-04-11
2020-03-23,39,2020-04-11
2020-03-24,34,2020-04-11
2020-03-25,31,2020-04-11
2020-03-26,40,2020-04-11
2020-03-27,29,2020-04-11
2020-03-28,29,2020-04-11
2020-03-29,41,2020-04-11
2020-03-30,30,2020-04-11
2020-03-31,32,2020-04-11
2020-04-01,43,2020-04-11
2020-04-02,44,2020-04-11
2020-04-03,41,2020-04-11
2020-04-04,29,2020-04-11
2020-04-05,41,2020-04-11
2020-04-06,42,2020-04-11
2020-04-07,43,2020-04-11
2020-04-08,39,2020-04-11
2020-04-09,29,2020-04-11
2020-04-10,24,2020-04-11
2020-04-11,6,2020-04-11
2020-04-03,1,2020-04-12
2020-04-04,3,2020-04-12
2020-04-05,2,2020-04-12
2020-04-07,1,2020-04-12
2020-04-08,3,2020-04-12
2020-04-09,2,2020-04-12
2020-04-10,7,2020-04-12
2020-04-11,30,2020-04-12
2020-04-12,1,2020-04-12
2020-04-01,1,2020-04-13
2020-04-05,1,2020-04-13
2020-04-11,1,2020-04-13
2020-04-12,15,2020-04-13
2020-04-13,4,2020-04-13
2020-03-26,1,2020-04-14
2020-03-31,1,2020-04-14
2020-04-02,3,2020-04-14
2020-04-05,1,2020-04-14
2020-04-07,1,2020-04-14
2020-04-10,3,2020-04-14
2020-04-11,4,2020-04-14
2020-04-12,12,2020-04-14
2020-04-13,27,2020-04-14
2020-04-14,5,2020-04-14
2020-04-08,1,2020-04-15
2020-04-09,1,2020-04-15
2020-04-10,4,2020-04-15
2020-04-11,3,2020-04-15
2020-04-12,2,2020-04-15
2020-04-13,10,2020-04-15
2020-04-14,16,2020-04-15
2020-04-15,2,2020-04-15
2020-04-12,3,2020-04-16
2020-04-13,1,2020-04-16
2020-04-14,14,2020-04-16
2020-04-15,20,2020-04-16
2020-04-16,4,2020-04-16
2020-04-04,1,2020-04-17
2020-04-07,1,2020-04-17
2020-04-08,1,2020-04-17
2020-04-13,3,2020-04-17
2020-04-14,1,2020-04-17
2020-04-15,6,2020-04-17
2020-04-16,16,2020-04-17
2020-04-03,1,2020-04-18
2020-04-11,1,2020-04-18
2020-04-14,1,2020-04-18
2020-04-15,2,2020-04-18
2020-04-16,10,2020-04-18
2020-04-17,14,2020-04-18
2020-04-18,3,2020-04-18
2020-03-22,1,2020-04-19
2020-04-15,2,2020-04-19
2020-04-16,2,2020-04-19
2020-04-17,3,2020-04-19
2020-04-18,11,2020-04-19
2020-04-19,6,2020-04-19
2020-04-07,1,2020-04-20
2020-04-15,1,2020-04-20
2020-04-17,14,2020-04-20
2020-04-18,10,2020-04-20
2020-04-19,22,2020-04-20
2020-04-20,8,2020-04-20
2020-04-05,1,2020-04-21
2020-04-16,1,2020-04-21
2020-04-17,2,2020-04-21
2020-04-18,3,2020-04-21
2020-04-19,5,2020-04-21
2020-04-20,11,2020-04-21
2020-04-21,3,2020-04-21
2020-03-22,1,2020-04-22
2020-03-27,1,2020-04-22
2020-04-01,1,2020-04-22
2020-04-02,1,2020-04-22
2020-04-06,1,2020-04-22
2020-04-14,1,2020-04-22
2020-04-16,1,2020-04-22
2020-04-17,1,2020-04-22
2020-04-18,2,2020-04-22
2020-04-20,4,2020-04-22
2020-04-21,11,2020-04-22
2020-04-22,4,2020-04-22
2020-04-15,1,2020-04-23
2020-04-17,1,2020-04-23
2020-04-20,1,2020-04-23
2020-04-21,13,2020-04-23
2020-04-22,21,2020-04-23
2020-04-23,3,2020-04-23
2020-03-22,1,2020-04-24
2020-03-30,1,2020-04-24
2020-04-16,1,2020-04-24
2020-04-21,7,2020-04-24
2020-04-22,14,2020-04-24
2020-04-23,11,2020-04-24
2020-04-24,9,2020-04-24
2020-03-26,1,2020-04-25
2020-03-31,1,2020-04-25
2020-04-01,1,2020-04-25
2020-04-07,1,2020-04-25
2020-04-14,1,2020-04-25
2020-04-21,2,2020-04-25
2020-04-23,5,2020-04-25
2020-04-24,13,2020-04-25
2020-04-25,1,2020-04-25
2020-04-17,1,2020-04-26
2020-04-20,3,2020-04-26
2020-04-21,1,2020-04-26
2020-04-22,2,2020-04-26
2020-04-24,8,2020-04-26
2020-04-25,16,2020-04-26
2020-04-26,4,2020-04-26
2020-04-14,1,2020-04-27
2020-04-17,1,2020-04-27
2020-04-22,5,2020-04-27
2020-04-24,9,2020-04-27
2020-04-25,8,2020-04-27
2020-04-26,15,2020-04-27
2020-04-27,2,2020-04-27
2020-03-22,2,2020-04-28
2020-03-25,2,2020-04-28
2020-03-27,2,2020-04-28
2020-03-29,1,2020-04-28
2020-03-31,1,2020-04-28
2020-04-01,1,2020-04-28
2020-04-04,1,2020-04-28
2020-04-06,2,2020-04-28
2020-04-08,1,2020-04-28
2020-04-09,3,2020-04-28
2020-04-12,3,2020-04-28
2020-04-18,1,2020-04-28
2020-04-23,1,2020-04-28
2020-04-24,1,2020-04-28
2020-04-25,3,2020-04-28
2020-04-26,2,2020-04-28
2020-04-27,14,2020-04-28
2020-04-28,4,2020-04-28
2020-03-21,2,2020-04-29
2020-03-23,3,2020-04-29
2020-03-25,1,2020-04-29
2020-03-26,1,2020-04-29
2020-03-30,1,2020-04-29
2020-03-31,2,2020-04-29
2020-04-01,4,2020-04-29
2020-04-03,1,2020-04-29
2020-04-04,2,2020-04-29
2020-04-08,1,2020-04-29
2020-04-09,1,2020-04-29
2020-04-12,1,2020-04-29
2020-04-14,2,2020-04-29
2020-04-19,1,2020-04-29
2020-04-22,2,2020-04-29
2020-04-23,1,2020-04-29
2020-04-24,3,2020-04-29
2020-04-25,1,2020-04-29
2020-04-26,2,2020-04-29
2020-04-27,7,2020-04-29
2020-04-28,12,2020-04-29
2020-04-29,2,2020-04-29
2020-04-11,1,2020-04-30
2020-04-16,1,2020-04-30
2020-04-17,1,2020-04-30
2020-04-22,4,2020-04-30
2020-04-23,1,2020-04-30
2020-04-24,2,2020-04-30
2020-04-25,1,2020-04-30
2020-04-26,2,2020-04-30
2020-04-27,2,2020-04-30
2020-04-28,10,2020-04-30
2020-04-29,15,2020-04-30
2020-04-30,4,2020-04-30
2020-04-04,1,2020-05-01
2020-04-08,2,2020-05-01
2020-04-16,1,2020-05-01
2020-04-17,2,2020-05-01
2020-04-19,1,2020-05-01
2020-04-27,2,2020-05-01
2020-04-28,3,2020-05-01
2020-04-29,4,2020-05-01
2020-04-30,21,2020-05-01
2020-05-01,2,2020-05-01
2020-04-23,1,2020-05-02
2020-04-29,1,2020-05-02
2020-04-30,5,2020-05-02
2020-05-01,4,2020-05-02
2020-05-02,5,2020-05-02
2020-04-28,1,2020-05-03
2020-05-01,2,2020-05-03
2020-05-02,9,2020-05-03
2020-05-03,1,2020-05-03
2020-04-13,1,2020-05-04
2020-04-30,2,2020-05-04
2020-05-01,6,2020-05-04
2020-05-02,9,2020-05-04
2020-05-03,9,2020-05-04
2020-05-04,2,2020-05-04
2020-03-30,1,2020-05-05
2020-04-02,1,2020-05-05
2020-04-04,1,2020-05-05
2020-04-11,1,2020-05-05
2020-04-13,1,2020-05-05
2020-04-29,1,2020-05-05
2020-04-30,1,2020-05-05
2020-05-01,2,2020-05-05
2020-05-03,6,2020-05-05
2020-05-04,18,2020-05-05
2020-05-05,3,2020-05-05
2020-04-21,1,2020-05-06
2020-04-29,1,2020-05-06
2020-05-02,3,2020-05-06
2020-05-03,6,2020-05-06
2020-05-04,2,2020-05-06
2020-05-05,8,2020-05-06
2020-05-06,3,2020-05-06
2020-03-21,1,2020-05-07
2020-03-25,1,2020-05-07
2020-03-29,1,2020-05-07
2020-04-28,1,2020-05-07
2020-04-30,1,2020-05-07
2020-05-02,3,2020-05-07
2020-05-03,2,2020-05-07
2020-05-04,1,2020-05-07
2020-05-05,4,2020-05-07
2020-05-06,14,2020-05-07
2020-05-07,5,2020-05-07
2020-02-01,1,2020-05-08
2020-03-14,1,2020-05-08
2020-03-23,2,2020-05-08
2020-03-24,1,2020-05-08
2020-03-27,1,2020-05-08
2020-03-28,3,2020-05-08
2020-04-02,1,2020-05-08
2020-04-04,1,2020-05-08
2020-04-14,1,2020-05-08
2020-04-19,1,2020-05-08
2020-04-23,1,2020-05-08
2020-04-29,1,2020-05-08
2020-05-02,1,2020-05-08
2020-05-03,1,2020-05-08
2020-05-04,2,2020-05-08
2020-05-05,1,2020-05-08
2020-05-06,5,2020-05-08
2020-05-07,13,2020-05-08
2020-05-08,3,2020-05-08
2020-03-18,1,2020-05-09
2020-03-20,2,2020-05-09
2020-03-22,1,2020-05-09
2020-03-26,2,2020-05-09
2020-03-29,1,2020-05-09
2020-04-05,1,2020-05-09
2020-04-07,1,2020-05-09
2020-04-20,1,2020-05-09
2020-04-24,2,2020-05-09
2020-04-29,1,2020-05-09
2020-05-06,1,2020-05-09
2020-05-07,5,2020-05-09
2020-05-08,11,2020-05-09
2020-03-14,1,2020-05-10
2020-03-25,1,2020-05-10
2020-04-01,1,2020-05-10
2020-04-02,1,2020-05-10
2020-04-03,1,2020-05-10
2020-04-12,1,2020-05-10
2020-04-13,2,2020-05-10
2020-04-28,1,2020-05-10
2020-05-07,4,2020-05-10
2020-05-08,5,2020-05-10
2020-05-09,8,2020-05-10
2020-05-10,5,2020-05-10
2020-03-22,2,2020-05-11
2020-03-24,1,2020-05-11
2020-05-05,1,2020-05-11
2020-05-08,1,2020-05-11
2020-05-09,4,2020-05-11
2020-05-10,5,2020-05-11
2020-05-11,4,2020-05-11
2020-04-06,1,2020-05-12
2020-04-11,1,2020-05-12
2020-04-15,1,2020-05-12
2020-04-20,1,2020-05-12
2020-04-23,1,2020-05-12
2020-04-24,1,2020-05-12
2020-05-02,1,2020-05-12
2020-05-03,1,2020-05-12
2020-05-05,3,2020-05-12
2020-05-06,5,2020-05-12
2020-05-08,4,2020-05-12
2020-05-09,1,2020-05-12
2020-05-10,7,2020-05-12
2020-05-11,5,2020-05-12
2020-05-12,2,2020-05-12
2020-04-23,1,2020-05-13
2020-04-26,1,2020-05-13
2020-04-27,1,2020-05-13
2020-05-07,1,2020-05-13
2020-05-08,1,2020-05-13
2020-05-09,1,2020-05-13
2020-05-11,2,2020-05-13
2020-05-12,9,2020-05-13
2020-03-22,1,2020-05-14
2020-03-28,1,2020-05-14
2020-05-09,1,2020-05-14
2020-05-11,2,2020-05-14
2020-05-12,3,2020-05-14
2020-05-13,11,2020-05-14
2020-05-14,1,2020-05-14
2020-04-27,1,2020-05-15
2020-05-02,1,2020-05-15
2020-05-13,4,2020-05-15
2020-05-14,11,2020-05-15
2020-05-15,3,2020-05-15
2020-03-20,1,2020-05-16
2020-03-23,1,2020-05-16
2020-03-24,1,2020-05-16
2020-03-27,2,2020-05-16
2020-04-03,2,2020-05-16
2020-04-06,1,2020-05-16
2020-04-13,1,2020-05-16
2020-04-15,1,2020-05-16
2020-04-20,1,2020-05-16
2020-04-21,1,2020-05-16
2020-04-28,1,2020-05-16
2020-04-30,1,2020-05-16
2020-05-01,1,2020-05-16
2020-05-03,1,2020-05-16
2020-05-07,1,2020-05-16
2020-05-11,1,2020-05-16
2020-05-12,1,2020-05-16
2020-05-13,2,2020-05-16
2020-05-14,2,2020-05-16
2020-05-15,10,2020-05-16
2020-05-14,1,2020-05-17
2020-05-15,1,2020-05-17
2020-05-16,7,2020-05-17
2020-04-22,1,2020-05-18
2020-05-15,1,2020-05-18
2020-05-16,9,2020-05-18
2020-05-17,12,2020-05-18
2020-05-18,4,2020-05-18
2020-05-11,2,2020-05-19
2020-05-12,1,2020-05-19
2020-05-13,1,2020-05-19
2020-05-14,1,2020-05-19
2020-05-15,3,2020-05-19
2020-05-17,9,2020-05-19
2020-05-18,7,2020-05-19
2020-05-19,1,2020-05-19
2020-05-18,4,2020-05-20
2020-05-19,7,2020-05-20
2020-05-20,2,2020-05-20
2020-04-07,1,2020-05-21
2020-04-09,1,2020-05-21
2020-05-13,1,2020-05-21
2020-05-17,1,2020-05-21
2020-05-18,3,2020-05-21
2020-05-19,5,2020-05-21
2020-05-20,3,2020-05-21
2020-05-21,1,2020-05-21
2020-05-15,1,2020-05-22
2020-05-16,1,2020-05-22
2020-05-18,2,2020-05-22
2020-05-20,3,2020-05-22
2020-05-21,2,2020-05-22
2020-04-13,1,2020-05-23
2020-04-23,1,2020-05-23
2020-04-24,1,2020-05-23
2020-05-15,1,2020-05-23
2020-05-18,3,2020-05-23
2020-05-19,1,2020-05-23
2020-05-20,2,2020-05-23
2020-05-21,6,2020-05-23
2020-05-22,7,2020-05-23
2020-05-23,2,2020-05-23
2020-05-20,1,2020-05-24
2020-05-22,1,2020-05-24
2020-05-23,2,2020-05-24
2020-05-24,3,2020-05-24
2020-04-16,1,2020-05-25
2020-05-05,1,2020-05-25
2020-05-19,1,2020-05-25
2020-05-20,2,2020-05-25
2020-05-22,2,2020-05-25
2020-05-23,3,2020-05-25
2020-05-24,8,2020-05-25
2020-05-25,4,2020-05-25
2020-04-14,1,2020-05-26
2020-05-18,1,2020-05-26
2020-05-20,1,2020-05-26
2020-05-22,3,2020-05-26
2020-05-23,5,2020-05-26
2020-05-24,5,2020-05-26
2020-05-25,14,2020-05-26
2020-05-26,1,2020-05-26
2020-05-25,7,2020-05-27
2020-05-26,6,2020-05-27
2020-05-27,2,2020-05-27
2020-03-29,1,2020-05-28
2020-04-02,1,2020-05-28
2020-04-13,1,2020-05-28
2020-04-23,1,2020-05-28
2020-05-08,1,2020-05-28
2020-05-21,3,2020-05-28
2020-05-22,1,2020-05-28
2020-05-23,3,2020-05-28
2020-05-25,2,2020-05-28
2020-05-26,6,2020-05-28
2020-05-27,10,2020-05-28
2020-05-28,4,2020-05-28
2020-05-25,1,2020-05-29
2020-05-26,1,2020-05-29
2020-05-27,2,2020-05-29
2020-05-28,10,2020-05-29
2020-05-29,2,2020-05-29
2020-05-16,1,2020-05-30
2020-05-28,2,2020-05-30
2020-05-29,2,2020-05-30
2020-05-30,3,2020-05-30
2020-05-21,1,2020-05-31
2020-05-27,1,2020-05-31
2020-05-29,2,2020-05-31
2020-05-30,2,2020-05-31
2020-05-31,3,2020-05-31
2020-05-28,2,2020-06-01
2020-05-29,2,2020-06-01
2020-05-30,6,2020-06-01
2020-05-31,6,2020-06-01
2020-06-01,4,2020-06-01
2020-04-29,1,2020-06-02
2020-05-13,1,2020-06-02
2020-05-22,1,2020-06-02
2020-05-29,2,2020-06-02
2020-05-30,5,2020-06-02
2020-05-31,3,2020-06-02
2020-06-01,7,2020-06-02
2020-06-02,3,2020-06-02
2020-05-29,2,2020-06-03
2020-05-30,2,2020-06-03
2020-06-01,6,2020-06-03
2020-06-02,6,2020-06-03
2020-06-03,3,2020-06-03
2020-04-14,1,2020-06-04
2020-04-16,1,2020-06-04
2020-05-29,1,2020-06-04
2020-05-30,2,2020-06-04
2020-06-01,3,2020-06-04
2020-06-02,6,2020-06-04
2020-06-03,7,2020-06-04
2020-06-04,2,2020-06-04
2020-06-03,2,2020-06-05
2020-06-04,7,2020-06-05
2020-06-05,1,2020-06-05
2020-04-08,1,2020-06-06
2020-04-28,1,2020-06-06
2020-05-19,1,2020-06-06
2020-05-23,1,2020-06-06
2020-05-28,1,2020-06-06
2020-06-04,2,2020-06-06
2020-06-05,3,2020-06-06
2020-06-05,4,2020-06-07
2020-06-06,6,2020-06-07
2020-06-07,1,2020-06-07
2020-06-04,2,2020-06-08
2020-06-05,2,2020-06-08
2020-06-06,6,2020-06-08
2020-06-07,8,2020-06-08
2020-03-27,1,2020-06-09
2020-04-08,1,2020-06-09
2020-06-03,3,2020-06-09
2020-06-04,3,2020-06-09
2020-06-05,2,2020-06-09
2020-06-06,2,2020-06-09
2020-06-07,2,2020-06-09
2020-06-08,6,2020-06-09
2020-06-03,1,2020-06-10
2020-06-05,2,2020-06-10
2020-06-06,4,2020-06-10
2020-06-07,2,2020-06-10
2020-06-08,7,2020-06-10
2020-06-09,5,2020-06-10
2020-06-10,2,2020-06-10
2020-06-04,1,2020-06-11
2020-06-05,1,2020-06-11
2020-06-06,1,2020-06-11
2020-06-09,5,2020-06-11
2020-06-10,3,2020-06-11
2020-06-11,1,2020-06-11
2020-03-31,1,2020-06-12
2020-05-24,1,2020-06-12
2020-06-05,1,2020-06-12
2020-06-08,1,2020-06-12
2020-06-09,2,2020-06-12
2020-06-10,4,2020-06-12
2020-06-11,6,2020-06-12
2020-06-12,1,2020-06-12
2020-06-07,1,2020-06-13
2020-06-11,3,2020-06-13
2020-06-12,1,2020-06-13
2020-06-13,1,2020-06-13
2020-06-08,1,2020-06-14
2020-06-09,1,2020-06-14
2020-06-10,1,2020-06-14
2020-06-11,1,2020-06-14
2020-06-12,3,2020-06-14
2020-06-13,5,2020-06-14
2020-06-14,1,2020-06-14
2020-06-03,1,2020-06-15
2020-06-08,1,2020-06-15
2020-06-12,4,2020-06-15
2020-06-13,6,2020-06-15
2020-06-14,8,2020-06-15
2020-05-15,1,2020-06-16
2020-05-31,1,2020-06-16
2020-06-05,1,2020-06-16
2020-06-07,1,2020-06-16
2020-06-09,1,2020-06-16
2020-06-11,1,2020-06-16
2020-06-12,2,2020-06-16
2020-06-13,1,2020-06-16
2020-06-14,3,2020-06-16
2020-06-15,7,2020-06-16
2020-06-16,1,2020-06-16
2020-06-13,1,2020-06-17
2020-06-15,1,2020-06-17
2020-06-16,3,2020-06-17
2020-04-20,1,2020-06-18
2020-06-05,1,2020-06-18
2020-06-15,1,2020-06-18
2020-06-16,2,2020-06-18
2020-06-17,7,2020-06-18
2020-06-18,1,2020-06-18
2020-04-12,1,2020-06-22
2020-06-03,1,2020-06-22
2020-06-15,1,2020-06-22
2020-06-16,1,2020-06-22
2020-06-17,3,2020-06-22
2020-06-18,9,2020-06-22
2020-06-19,3,2020-06-22
2020-06-20,1,2020-06-22
2020-06-21,3,2020-06-22
2020-06-09,1,2020-06-23
2020-06-19,2,2020-06-23
2020-06-20,2,2020-06-23
2020-06-21,4,2020-06-23
2020-06-22,4,2020-06-23
2020-05-03,2,2020-06-24
2020-05-15,1,2020-06-24
2020-06-05,1,2020-06-24
2020-06-06,1,2020-06-24
2020-06-12,1,2020-06-24
2020-06-16,1,2020-06-24
2020-06-17,1,2020-06-24
2020-06-18,2,2020-06-24
2020-06-20,3,2020-06-24
2020-06-21,1,2020-06-24
2020-06-22,4,2020-06-24
2020-06-23,5,2020-06-24
2020-05-31,1,2020-06-25
2020-06-17,1,2020-06-25
2020-06-18,1,2020-06-25
2020-06-19,1,2020-06-25
2020-06-20,1,2020-06-25
2020-06-21,2,2020-06-25
2020-06-22,4,2020-06-25
2020-06-23,2,2020-06-25
2020-06-24,2,2020-06-25
2020-04-07,1,2020-06-26
2020-05-25,1,2020-06-26
2020-06-01,1,2020-06-26
2020-06-05,1,2020-06-26
2020-06-19,1,2020-06-26
2020-06-24,1,2020-06-26
2020-06-25,4,2020-06-26
2020-06-26,1,2020-06-26
2020-05-08,1,2020-06-29
2020-06-15,1,2020-06-29
2020-06-21,1,2020-06-29
2020-06-24,2,2020-06-29
2020-06-25,3,2020-06-29
2020-06-26,3,2020-06-29
2020-06-27,3,2020-06-29
2020-06-28,3,2020-06-29
2020-05-29,1,2020-06-30
2020-06-24,1,2020-06-30
2020-06-26,1,2020-06-30
2020-06-27,1,2020-06-30
2020-06-29,1,2020-06-30
2020-06-30,2,2020-06-30
2020-06-22,1,2020-07-01
2020-06-29,1,2020-07-01
2020-06-30,1,2020-07-01
2020-07-01,3,2020-07-01
2020-06-28,3,2020-07-02
2020-06-29,1,2020-07-02
2020-06-30,2,2020-07-02
2020-07-01,2,2020-07-02
2020-07-02,1,2020-07-02
2020-06-19,1,2020-07-03
2020-06-25,1,2020-07-03
2020-06-28,1,2020-07-03
2020-06-29,1,2020-07-03
2020-07-02,3,2020-07-03
2020-06-15,1,2020-07-06
2020-06-22,1,2020-07-06
2020-06-28,1,2020-07-06
2020-07-02,4,2020-07-06
2020-07-04,1,2020-07-06
2020-07-05,1,2020-07-06
2020-07-06,1,2020-07-06
2020-06-21,1,2020-07-07
2020-07-03,2,2020-07-07
2020-07-05,3,2020-07-07
2020-07-06,1,2020-07-07
2020-07-01,1,2020-07-08
2020-07-07,2,2020-07-08
2020-06-25,1,2020-07-09
2020-05-30,1,2020-07-13
2020-06-15,1,2020-07-13
2020-07-03,1,2020-07-13
2020-07-05,1,2020-07-13
2020-07-11,2,2020-07-13
2020-07-12,1,2020-07-13
2020-06-19,1,2020-07-14
2020-06-24,1,2020-07-14
2020-06-25,1,2020-07-14
2020-06-27,1,2020-07-14
2020-07-02,2,2020-07-14
2020-07-10,2,2020-07-14
2020-07-12,1,2020-07-14
2020-07-13,2,2020-07-14
2020-07-13,1,2020-07-15
2020-07-14,1,2020-07-15
2020-07-14,1,2020-07-16
2020-07-16,3,2020-07-17
2020-07-08,1,2020-07-20
2020-07-09,2,2020-07-20
2020-07-16,1,2020-07-20
2020-07-17,2,2020-07-20
2020-06-16,1,2020-07-22
2020-07-19,1,2020-07-22
2020-06-25,1,2020-07-23
2020-07-21,3,2020-07-23
2020-07-22,1,2020-07-23
2020-06-22,1,2020-07-24
2020-07-20,1,2020-07-24
2020-04-27,1,2020-07-27
2020-05-17,1,2020-07-27
2020-06-09,1,2020-07-27
2020-07-21,1,2020-07-28
2020-07-27,1,2020-07-28
2020-04-11,1,2020-07-29
2020-06-22,2,2020-07-29
2020-07-12,1,2020-07-29
2020-07-20,2,2020-07-29
2020-06-17,1,2020-07-31
2020-07-23,1,2020-07-31
2020-07-24,1,2020-07-31
2020-07-26,1,2020-07-31
2020-07-29,1,2020-07-31
2020-07-29,1,2020-08-03
2020-07-31,1,2020-08-03
2020-08-01,1,2020-08-03
2020-08-02,2,2020-08-03
2020-08-01,1,2020-08-04
2020-08-02,1,2020-08-04
2020-08-03,1,2020-08-04
2020-08-02,1,2020-08-05
2020-08-04,1,2020-08-06
2020-08-05,1,2020-08-06
2020-08-06,1,2020-08-07
2020-08-05,1,2020-08-10
2020-08-06,1,2020-08-10
2020-08-07,1,2020-08-10
2020-08-08,3,2020-08-10
2020-06-18,1,2020-08-11
2020-08-07,1,2020-08-12
2020-08-08,2,2020-08-12
2020-08-10,1,2020-08-12
2020-08-09,1,2020-08-13
2020-08-05,1,2020-08-14
2020-08-12,1,2020-08-14
2020-08-13,2,2020-08-14
2020-08-12,2,2020-08-17
2020-08-13,2,2020-08-17
2020-08-15,1,2020-08-17
2020-05-24,1,2020-08-18
2020-07-20,1,2020-08-18
2020-07-28,1,2020-08-18
2020-08-09,1,2020-08-18
2020-08-11,1,2020-08-18
2020-08-15,1,2020-08-18
2020-08-16,1,2020-08-18
2020-07-19,1,2020-08-19
2020-08-17,1,2020-08-19
2020-08-01,1,2020-08-20
2020-08-11,1,2020-08-20
2020-08-19,1,2020-08-21
2020-08-18,1,2020-08-24
2020-08-19,1,2020-08-24
2020-08-20,1,2020-08-24
2020-08-22,1,2020-08-24
2020-08-23,1,2020-08-24
2020-08-24,2,2020-08-25
2020-08-25,1,2020-08-26
2020-08-24,1,2020-08-28
2020-08-26,1,2020-08-28
2020-06-18,1,2020-08-31
2020-08-27,1,2020-08-31
2020-08-30,1,2020-08-31
2020-09-01,1,2020-09-02
2020-09-02,2,2020-09-04
2020-09-03,2,2020-09-04
2020-09-03,1,2020-09-07
2020-09-05,1,2020-09-09
2020-07-17,1,2020-09-10
2020-07-21,1,2020-09-10
2020-08-11,1,2020-09-10
2020-09-08,1,2020-09-11
2020-09-11,1,2020-09-15
2020-09-12,4,2020-09-15
2020-09-13,1,2020-09-15
2020-09-14,1,2020-09-16
2020-09-15,1,2020-09-16
2020-09-11,1,2020-09-17
2020-09-15,1,2020-09-17
2020-09-16,1,2020-09-18
2020-09-18,1,2020-09-22
2020-09-19,2,2020-09-22
2020-09-09,1,2020-09-23
2020-09-18,1,2020-09-23
2020-09-22,1,2020-09-24
2020-09-23,1,2020-09-24
2020-08-18,1,2020-09-25
2020-09-23,1,2020-09-25
2020-09-22,1,2020-09-29
2020-09-23,1,2020-09-29
2020-09-25,1,2020-09-29
2020-09-28,3,2020-09-29
2020-04-06,1,2020-10-02
2020-09-11,1,2020-10-02
2020-09-30,2,2020-10-02
2020-10-01,3,2020-10-02
2020-07-27,1,2020-10-06
2020-09-24,2,2020-10-06
2020-10-03,2,2020-10-06
2020-10-05,4,2020-10-06
2020-10-03,1,2020-10-07
2020-10-04,1,2020-10-07
2020-10-06,1,2020-10-07
2020-10-07,1,2020-10-08
2020-10-07,1,2020-10-09
2020-09-02,1,2020-10-13
2020-10-05,1,2020-10-13
2020-10-08,1,2020-10-13
2020-10-09,3,2020-10-13
2020-10-10,2,2020-10-13
2020-10-12,2,2020-10-13
2020-04-03,1,2020-10-14
2020-04-06,1,2020-10-14
2020-10-06,1,2020-10-14
2020-10-08,1,2020-10-14
2020-10-13,3,2020-10-14
2020-10-14,1,2020-10-15
2020-10-10,1,2020-10-16
2020-10-12,1,2020-10-16
2020-10-14,2,2020-10-16
2020-10-13,1,2020-10-20
2020-10-15,1,2020-10-20
2020-10-16,1,2020-10-20
2020-10-17,1,2020-10-20
2020-10-18,4,2020-10-20
2020-10-19,2,2020-10-21
2020-10-20,1,2020-10-21
2020-10-14,1,2020-10-22
2020-10-16,1,2020-10-22
2020-10-19,1,2020-10-22
2020-10-21,2,2020-10-22
2020-10-21,1,2020-10-23
2020-10-22,2,2020-10-23
2020-10-18,1,2020-10-27
2020-10-19,1,2020-10-27
2020-10-22,5,2020-10-27
2020-10-23,5,2020-10-27
2020-10-24,2,2020-10-27
2020-10-25,6,2020-10-27
2020-10-26,1,2020-10-27
2020-10-26,1,2020-10-28
2020-10-27,2,2020-10-28
2020-09-30,1,2020-10-29
2020-10-10,1,2020-10-29
2020-10-22,1,2020-10-29
2020-10-24,2,2020-10-29
2020-10-26,2,2020-10-29
2020-10-27,3,2020-10-29
2020-10-28,2,2020-10-29
2020-10-05,1,2020-10-30
2020-10-20,1,2020-10-30
2020-10-24,1,2020-10-30
2020-10-26,1,2020-10-30
2020-10-27,3,2020-10-30
2020-10-28,5,2020-10-30
2020-10-29,2,2020-10-30
2020-09-30,1,2020-11-03
2020-10-08,1,2020-11-03
2020-10-10,1,2020-11-03
2020-10-21,1,2020-11-03
2020-10-22,1,2020-11-03
2020-10-23,1,2020-11-03
2020-10-25,1,2020-11-03
2020-10-28,5,2020-11-03
2020-10-29,1,2020-11-03
2020-10-30,7,2020-11-03
2020-10-31,4,2020-11-03
2020-11-01,6,2020-11-03
2020-11-02,9,2020-11-03
2020-10-27,1,2020-11-04
2020-10-29,1,2020-11-04
2020-10-31,1,2020-11-04
2020-11-01,1,2020-11-04
2020-11-02,5,2020-11-04
2020-11-03,4,2020-11-04
2020-10-25,1,2020-11-05
2020-10-31,1,2020-11-05
2020-11-01,1,2020-11-05
2020-11-02,2,2020-11-05
2020-11-03,6,2020-11-05
2020-11-04,8,2020-11-05
2020-10-30,1,2020-11-06
2020-11-02,1,2020-11-06
2020-11-03,1,2020-11-06
2020-11-04,5,2020-11-06
2020-11-05,4,2020-11-06
2020-10-07,1,2020-11-10
2020-10-29,1,2020-11-10
2020-10-30,1,2020-11-10
2020-11-01,1,2020-11-10
2020-11-02,3,2020-11-10
2020-11-04,2,2020-11-10
2020-11-05,6,2020-11-10
2020-11-06,14,2020-11-10
2020-11-07,13,2020-11-10
2020-11-08,14,2020-11-10
2020-11-09,4,2020-11-10
2020-10-27,1,2020-11-11
2020-11-03,1,2020-11-11
2020-11-06,2,2020-11-11
2020-11-07,1,2020-11-11
2020-11-08,2,2020-11-11
2020-11-09,4,2020-11-11
2020-11-10,4,2020-11-11
2020-10-11,1,2020-11-12
2020-10-28,1,2020-11-12
2020-11-05,1,2020-11-12
2020-11-07,3,2020-11-12
2020-11-10,4,2020-11-12
2020-11-11,7,2020-11-12
2020-11-09,2,2020-11-13
2020-11-10,1,2020-11-13
2020-11-11,7,2020-11-13
2020-11-12,9,2020-11-13
2020-10-30,1,2020-11-17
2020-10-31,1,2020-11-17
2020-11-03,2,2020-11-17
2020-11-09,2,2020-11-17
2020-11-11,4,2020-11-17
2020-11-12,3,2020-11-17
2020-11-13,24,2020-11-17
2020-11-14,16,2020-11-17
2020-11-15,13,2020-11-17
2020-11-16,11,2020-11-17
2020-11-05,1,2020-11-18
2020-11-14,3,2020-11-18
2020-11-15,4,2020-11-18
2020-11-16,7,2020-11-18
2020-11-17,13,2020-11-18
2020-11-06,1,2020-11-19
2020-11-16,1,2020-11-19
2020-11-17,5,2020-11-19
2020-11-18,7,2020-11-19
2020-10-23,1,2020-11-20
2020-10-29,1,2020-11-20
2020-11-08,1,2020-11-20
2020-11-12,1,2020-11-20
2020-11-15,1,2020-11-20
2020-11-16,1,2020-11-20
2020-11-17,2,2020-11-20
2020-11-18,9,2020-11-20
2020-11-19,11,2020-11-20
2020-11-08,1,2020-11-24
2020-11-11,1,2020-11-24
2020-11-13,3,2020-11-24
2020-11-14,1,2020-11-24
2020-11-16,1,2020-11-24
2020-11-17,3,2020-11-24
2020-11-18,2,2020-11-24
2020-11-19,8,2020-11-24
2020-11-20,11,2020-11-24
2020-11-21,16,2020-11-24
2020-11-22,27,2020-11-24
2020-11-23,10,2020-11-24
2020-11-10,1,2020-11-25
2020-11-18,1,2020-11-25
2020-11-19,1,2020-11-25
2020-11-20,3,2020-11-25
2020-11-21,4,2020-11-25
2020-11-22,3,2020-11-25
2020-11-23,10,2020-11-25
2020-11-24,14,2020-11-25
2020-11-13,1,2020-11-26
2020-11-20,1,2020-11-26
2020-11-23,4,2020-11-26
2020-11-24,10,2020-11-26
2020-11-25,9,2020-11-26
2020-11-13,1,2020-11-27
2020-11-15,1,2020-11-27
2020-11-17,1,2020-11-27
2020-11-25,9,2020-11-27
2020-11-26,13,2020-11-27
2020-11-16,1,2020-12-01
2020-11-18,2,2020-12-01
2020-11-19,1,2020-12-01
2020-11-20,1,2020-12-01
2020-11-23,1,2020-12-01
2020-11-24,4,2020-12-01
2020-11-25,6,2020-12-01
2020-11-26,15,2020-12-01
2020-11-27,12,2020-12-01
2020-11-28,18,2020-12-01
2020-11-29,24,2020-12-01
2020-11-30,9,2020-12-01
2020-11-13,1,2020-12-02
2020-11-19,1,2020-12-02
2020-11-27,1,2020-12-02
2020-11-28,2,2020-12-02
2020-11-30,7,2020-12-02
2020-12-01,13,2020-12-02
2020-11-27,2,2020-12-03
2020-11-28,1,2020-12-03
2020-11-29,1,2020-12-03
2020-11-30,6,2020-12-03
2020-12-01,6,2020-12-03
2020-12-02,24,2020-12-03
2020-11-20,1,2020-12-04
2020-11-22,1,2020-12-04
2020-12-01,1,2020-12-04
2020-12-02,7,2020-12-04
2020-12-03,11,2020-12-04
2020-11-30,1,2020-12-08
2020-12-02,5,2020-12-08
2020-12-03,10,2020-12-08
2020-12-04,17,2020-12-08
2020-12-05,15,2020-12-08
2020-12-06,17,2020-12-08
2020-12-07,12,2020-12-08
2020-11-14,1,2020-12-09
2020-12-02,1,2020-12-09
2020-12-03,2,2020-12-09
2020-12-04,2,2020-12-09
2020-12-05,2,2020-12-09
2020-12-06,7,2020-12-09
2020-12-07,11,2020-12-09
2020-12-08,8,2020-12-09
2020-11-24,1,2020-12-10
2020-11-28,2,2020-12-10
2020-12-08,7,2020-12-10
2020-12-09,7,2020-12-10
2020-12-02,1,2020-12-11
2020-12-08,5,2020-12-11
2020-12-09,8,2020-12-11
2020-12-10,13,2020-12-11
2020-11-29,2,2020-12-15
2020-12-02,1,2020-12-15
2020-12-07,2,2020-12-15
2020-12-09,7,2020-12-15
2020-12-10,16,2020-12-15
2020-12-11,21,2020-12-15
2020-12-12,14,2020-12-15
2020-12-13,18,2020-12-15
2020-12-14,14,2020-12-15
2020-12-10,1,2020-12-16
2020-12-11,1,2020-12-16
2020-12-12,2,2020-12-16
2020-12-13,2,2020-12-16
2020-12-14,11,2020-12-16
2020-12-15,16,2020-12-16
2020-12-05,1,2020-12-17
2020-12-07,2,2020-12-17
2020-12-09,1,2020-12-17
2020-12-10,1,2020-12-17
2020-12-14,1,2020-12-17
2020-12-15,8,2020-12-17
2020-12-16,13,2020-12-17
2020-12-11,3,2020-12-18
2020-12-12,1,2020-12-18
2020-12-15,3,2020-12-18
2020-12-16,3,2020-12-18
2020-12-17,13,2020-12-18
2020-12-02,1,2020-12-22
2020-12-14,1,2020-12-22
2020-12-15,4,2020-12-22
2020-12-16,7,2020-12-22
2020-12-17,14,2020-12-22
2020-12-18,23,2020-12-22
2020-12-19,18,2020-12-22
2020-12-20,19,2020-12-22
2020-12-21,15,2020-12-22
2020-12-02,1,2020-12-23
2020-12-18,1,2020-12-23
2020-12-19,1,2020-12-23
2020-12-20,1,2020-12-23
2020-12-21,10,2020-12-23
2020-12-22,19,2020-12-23
2020-12-03,1,2020-12-29
2020-12-16,1,2020-12-29
2020-12-18,4,2020-12-29
2020-12-19,3,2020-12-29
2020-12-20,2,2020-12-29
2020-12-21,4,2020-12-29
2020-12-22,11,2020-12-29
2020-12-23,16,2020-12-29
2020-12-24,17,2020-12-29
2020-12-25,18,2020-12-29
2020-12-26,28,2020-12-29
2020-12-27,23,2020-12-29
2020-12-28,15,2020-12-29
2020-11-29,1,2020-12-30
2020-12-01,1,2020-12-30
2020-12-06,1,2020-12-30
2020-12-10,1,2020-12-30
2020-12-13,2,2020-12-30
2020-12-14,1,2020-12-30
2020-12-18,1,2020-12-30
2020-12-20,1,2020-12-30
2020-12-22,2,2020-12-30
2020-12-25,5,2020-12-30
2020-12-26,5,2020-12-30
2020-12-27,5,2020-12-30
2020-12-28,19,2020-12-30
2020-12-29,22,2020-12-30
2020-11-05,1,2021-01-05
2020-12-15,1,2021-01-05
2020-12-20,1,2021-01-05
2020-12-22,1,2021-01-05
2020-12-23,2,2021-01-05
2020-12-24,1,2021-01-05
2020-12-25,3,2021-01-05
2020-12-27,5,2021-01-05
2020-12-28,1,2021-01-05
2020-12-29,17,2021-01-05
2020-12-30,27,2021-01-05
2020-12-31,26,2021-01-05
2021-01-01,27,2021-01-05
2021-01-02,15,2021-01-05
2021-01-03,25,2021-01-05
2021-01-04,13,2021-01-05
2020-12-22,1,2021-01-07
2020-12-23,3,2021-01-07
2020-12-25,2,2021-01-07
2020-12-26,1,2021-01-07
2020-12-31,3,2021-01-07
2021-01-01,4,2021-01-07
2021-01-02,1,2021-01-07
2021-01-03,6,2021-01-07
2021-01-04,7,2021-01-07
2021-01-05,19,2021-01-07
2021-01-06,8,2021-01-07
2020-12-22,1,2021-01-08
2020-12-25,1,2021-01-08
2020-12-28,1,2021-01-08
2020-12-29,1,2021-01-08
2020-12-31,4,2021-01-08
2021-01-01,1,2021-01-08
2021-01-03,3,2021-01-08
2021-01-05,10,2021-01-08
2021-01-06,11,2021-01-08
2021-01-07,7,2021-01-08
2020-11-30,1,2021-01-12
2020-12-25,1,2021-01-12
2020-12-26,1,2021-01-12
2020-12-28,3,2021-01-12
2020-12-29,1,2021-01-12
2020-12-30,2,2021-01-12
2020-12-31,2,2021-01-12
2021-01-01,2,2021-01-12
2021-01-02,2,2021-01-12
2021-01-05,6,2021-01-12
2021-01-06,5,2021-01-12
2021-01-07,14,2021-01-12
2021-01-08,28,2021-01-12
2021-01-09,19,2021-01-12
2021-01-10,23,2021-01-12
2021-01-11,13,2021-01-12
2020-12-18,1,2021-01-13
2020-12-21,1,2021-01-13
2020-12-23,1,2021-01-13
2020-12-24,1,2021-01-13
2020-12-25,1,2021-01-13
2020-12-27,1,2021-01-13
2020-12-28,1,2021-01-13
2021-01-06,1,2021-01-13
2021-01-08,1,2021-01-13
2021-01-09,2,2021-01-13
2021-01-10,2,2021-01-13
2021-01-11,5,2021-01-13
2021-01-12,11,2021-01-13
2020-12-23,1,2021-01-14
2021-01-06,1,2021-01-14
2021-01-09,1,2021-01-14
2021-01-10,1,2021-01-14
2021-01-11,2,2021-01-14
2021-01-12,12,2021-01-14
2021-01-13,12,2021-01-14
2020-11-05,1,2021-01-15
2020-11-08,1,2021-01-15
2020-11-24,1,2021-01-15
2020-12-16,1,2021-01-15
2021-01-06,1,2021-01-15
2021-01-07,1,2021-01-15
2021-01-10,2,2021-01-15
2021-01-11,1,2021-01-15
2021-01-12,2,2021-01-15
2021-01-13,5,2021-01-15
2021-01-14,14,2021-01-15
2020-12-20,1,2021-01-19
2020-12-29,2,2021-01-19
2021-01-04,1,2021-01-19
2021-01-05,1,2021-01-19
2021-01-08,1,2021-01-19
2021-01-09,2,2021-01-19
2021-01-11,2,2021-01-19
2021-01-12,6,2021-01-19
2021-01-14,10,2021-01-19
2021-01-15,11,2021-01-19
2021-01-16,19,2021-01-19
2021-01-17,14,2021-01-19
2021-01-18,13,2021-01-19
2021-01-15,2,2021-01-20
2021-01-18,7,2021-01-20
2021-01-19,19,2021-01-20
2021-01-06,1,2021-01-21
2021-01-15,1,2021-01-21
2021-01-17,1,2021-01-21
2021-01-18,1,2021-01-21
2021-01-19,5,2021-01-21
2021-01-20,11,2021-01-21
2020-11-04,1,2021-01-22
2021-01-09,1,2021-01-22
2021-01-18,3,2021-01-22
2021-01-19,1,2021-01-22
2021-01-20,4,2021-01-22
2021-01-21,9,2021-01-22
2020-12-22,1,2021-01-26
2021-01-07,1,2021-01-26
2021-01-08,1,2021-01-26
2021-01-14,1,2021-01-26
2021-01-15,1,2021-01-26
2021-01-16,1,2021-01-26
2021-01-18,2,2021-01-26
2021-01-19,3,2021-01-26
2021-01-21,3,2021-01-26
2021-01-22,12,2021-01-26
2021-01-23,8,2021-01-26
2021-01-24,8,2021-01-26
2021-01-25,9,2021-01-26
2021-01-12,1,2021-01-27
2021-01-19,2,2021-01-27
2021-01-22,1,2021-01-27
2021-01-24,1,2021-01-27
2021-01-25,11,2021-01-27
2021-01-26,8,2021-01-27
2021-01-22,1,2021-01-28
2021-01-26,6,2021-01-28
2021-01-27,7,2021-01-28
2021-01-01,1,2021-01-29
2021-01-13,1,2021-01-29
2021-01-21,2,2021-01-29
2021-01-22,1,2021-01-29
2021-01-23,3,2021-01-29
2021-01-25,2,2021-01-29
2021-01-26,1,2021-01-29
2021-01-27,5,2021-01-29
2021-01-28,7,2021-01-29
2020-12-21,1,2021-02-02
2020-12-30,1,2021-02-02
2021-01-12,1,2021-02-02
2021-01-17,1,2021-02-02
2021-01-18,1,2021-02-02
2021-01-21,1,2021-02-02
2021-01-25,3,2021-02-02
2021-01-28,5,2021-02-02
2021-01-29,11,2021-02-02
2021-01-30,10,2021-02-02
2021-01-31,8,2021-02-02
2021-02-01,7,2021-02-02
2020-11-17,1,2021-02-03
2021-01-18,1,2021-02-03
2021-01-21,1,2021-02-03
2021-01-26,3,2021-02-03
2021-01-29,1,2021-02-03
2021-02-01,3,2021-02-03
2021-02-02,3,2021-02-03
2020-12-06,1,2021-02-04
2021-01-03,1,2021-02-04
2021-01-11,1,2021-02-04
2021-01-14,1,2021-02-04
2021-01-17,1,2021-02-04
2021-01-25,3,2021-02-04
2021-01-26,1,2021-02-04
2021-01-27,1,2021-02-04
2021-01-29,2,2021-02-04
2021-01-30,3,2021-02-04
2021-01-31,1,2021-02-04
2021-02-01,2,2021-02-04
2021-02-02,4,2021-02-04
2021-02-03,7,2021-02-04
2021-01-29,1,2021-02-05
2021-01-31,1,2021-02-05
2021-02-01,1,2021-02-05
2021-02-02,1,2021-02-05
2021-02-03,4,2021-02-05
2021-02-04,5,2021-02-05
2021-01-20,1,2021-02-09
2021-01-24,1,2021-02-09
2021-01-30,1,2021-02-09
2021-02-01,1,2021-02-09
2021-02-02,3,2021-02-09
2021-02-04,3,2021-02-09
2021-02-05,20,2021-02-09
2021-02-06,19,2021-02-09
2021-02-07,12,2021-02-09
2021-02-08,10,2021-02-09
2021-01-11,1,2021-02-10
2021-01-18,1,2021-02-10
2021-02-03,1,2021-02-10
2021-02-04,3,2021-02-10
2021-02-05,2,2021-02-10
2021-02-06,1,2021-02-10
2021-02-07,1,2021-02-10
2021-02-08,6,2021-02-10
2021-02-09,8,2021-02-10
2020-12-21,1,2021-02-11
2021-01-30,2,2021-02-11
2021-02-09,9,2021-02-11
2021-02-10,5,2021-02-11
2021-02-05,1,2021-02-12
2021-02-10,5,2021-02-12
2021-02-11,7,2021-02-12
2021-01-28,1,2021-02-16
2021-02-02,1,2021-02-16
2021-02-03,2,2021-02-16
2021-02-09,1,2021-02-16
2021-02-10,2,2021-02-16
2021-02-11,6,2021-02-16
2021-02-12,13,2021-02-16
2021-02-13,18,2021-02-16
2021-02-14,11,2021-02-16
2021-02-15,6,2021-02-16
2021-02-09,1,2021-02-17
2021-02-14,1,2021-02-17
2021-02-15,7,2021-02-17
2021-02-16,9,2021-02-17
2021-01-19,1,2021-02-18
2021-02-12,2,2021-02-18
2021-02-16,4,2021-02-18
2021-02-17,4,2021-02-18
2021-02-15,2,2021-02-19
2021-02-16,3,2021-02-19
2021-02-17,6,2021-02-19
2021-02-18,5,2021-02-19
2021-02-15,1,2021-02-23
2021-02-16,2,2021-02-23
2021-02-18,7,2021-02-23
2021-02-19,12,2021-02-23
2021-02-20,13,2021-02-23
2021-02-21,9,2021-02-23
2021-02-22,8,2021-02-23
2021-02-06,1,2021-02-24
2021-02-15,1,2021-02-24
2021-02-19,2,2021-02-24
2021-02-20,2,2021-02-24
2021-02-21,2,2021-02-24
2021-02-22,3,2021-02-24
2021-02-23,10,2021-02-24
2021-02-17,1,2021-02-25
2021-02-21,2,2021-02-25
2021-02-22,4,2021-02-25
2021-02-23,9,2021-02-25
2021-02-24,7,2021-02-25
2021-02-14,1,2021-02-26
2021-02-19,2,2021-02-26
2021-02-20,2,2021-02-26
2021-02-22,1,2021-02-26
2021-02-23,3,2021-02-26
2021-02-24,9,2021-02-26
2021-02-25,7,2021-02-26
2021-02-19,2,2021-03-02
2021-02-22,1,2021-03-02
2021-02-23,1,2021-03-02
2021-02-24,2,2021-03-02
2021-02-25,5,2021-03-02
2021-02-26,9,2021-03-02
2021-02-27,13,2021-03-02
2021-02-28,17,2021-03-02
2021-03-01,6,2021-03-02
2021-02-05,1,2021-03-03
2021-02-25,1,2021-03-03
2021-02-26,1,2021-03-03
2021-02-27,3,2021-03-03
2021-03-01,6,2021-03-03
2021-03-02,5,2021-03-03
2021-02-25,1,2021-03-04
2021-02-26,2,2021-03-04
2021-02-27,1,2021-03-04
2021-02-28,2,2021-03-04
2021-03-01,2,2021-03-04
2021-03-02,6,2021-03-04
2021-03-03,11,2021-03-04
2021-02-20,1,2021-03-05
2021-02-23,1,2021-03-05
2021-02-24,2,2021-03-05
2021-02-26,1,2021-03-05
2021-03-01,1,2021-03-05
2021-03-02,3,2021-03-05
2021-03-03,6,2021-03-05
2021-03-04,7,2021-03-05
2021-02-18,1,2021-03-09
2021-02-22,1,2021-03-09
2021-02-27,2,2021-03-09
2021-03-01,1,2021-03-09
2021-03-02,1,2021-03-09
2021-03-03,4,2021-03-09
2021-03-04,9,2021-03-09
2021-03-05,28,2021-03-09
2021-03-06,15,2021-03-09
2021-03-07,13,2021-03-09
2021-03-08,8,2021-03-09
2021-02-26,1,2021-03-10
2021-03-06,1,2021-03-10
2021-03-07,1,2021-03-10
2021-03-08,1,2021-03-10
2021-03-09,15,2021-03-10
2021-02-28,1,2021-03-11
2021-03-09,7,2021-03-11
2021-03-10,8,2021-03-11
2021-03-02,1,2021-03-12
2021-03-10,6,2021-03-12
2021-03-11,10,2021-03-12
2021-02-14,1,2021-03-16
2021-02-16,1,2021-03-16
2021-02-20,1,2021-03-16
2021-02-26,1,2021-03-16
2021-02-28,2,2021-03-16
2021-03-01,1,2021-03-16
2021-03-02,2,2021-03-16
2021-03-04,3,2021-03-16
2021-03-06,1,2021-03-16
2021-03-08,2,2021-03-16
2021-03-09,2,2021-03-16
2021-03-10,2,2021-03-16
2021-03-11,11,2021-03-16
2021-03-12,15,2021-03-16
2021-03-13,21,2021-03-16
2021-03-14,16,2021-03-16
2021-03-15,14,2021-03-16
2021-03-06,1,2021-03-17
2021-03-07,1,2021-03-17
2021-03-08,2,2021-03-17
2021-03-09,2,2021-03-17
2021-03-10,1,2021-03-17
2021-03-12,4,2021-03-17
2021-03-13,3,2021-03-17
2021-03-14,4,2021-03-17
2021-03-15,7,2021-03-17
2021-03-16,15,2021-03-17
2021-02-23,1,2021-03-18
2021-03-08,1,2021-03-18
2021-03-10,1,2021-03-18
2021-03-13,1,2021-03-18
2021-03-15,2,2021-03-18
2021-03-16,9,2021-03-18
2021-03-17,9,2021-03-18
2021-03-11,1,2021-03-19
2021-03-16,1,2021-03-19
2021-03-17,7,2021-03-19
2021-03-18,12,2021-03-19
2021-02-22,1,2021-03-23
2021-03-02,1,2021-03-23
2021-03-13,1,2021-03-23
2021-03-15,2,2021-03-23
2021-03-17,2,2021-03-23
2021-03-18,4,2021-03-23
2021-03-19,22,2021-03-23
2021-03-20,26,2021-03-23
2021-03-21,16,2021-03-23
2021-03-22,15,2021-03-23
2021-03-12,1,2021-03-24
2021-03-13,1,2021-03-24
2021-03-18,1,2021-03-24
2021-03-19,1,2021-03-24
2021-03-20,1,2021-03-24
2021-03-21,2,2021-03-24
2021-03-22,5,2021-03-24
2021-03-23,10,2021-03-24
2021-03-16,1,2021-03-25
2021-03-17,3,2021-03-25
2021-03-18,1,2021-03-25
2021-03-19,3,2021-03-25
2021-03-20,1,2021-03-25
2021-03-21,1,2021-03-25
2021-03-22,3,2021-03-25
2021-03-23,8,2021-03-25
2021-03-24,19,2021-03-25
2021-03-14,1,2021-03-26
2021-03-18,1,2021-03-26
2021-03-19,1,2021-03-26
2021-03-24,6,2021-03-26
2021-03-25,11,2021-03-26
2021-03-22,3,2021-03-30
2021-03-23,1,2021-03-30
2021-03-24,1,2021-03-30
2021-03-25,13,2021-03-30
2021-03-26,24,2021-03-30
2021-03-27,17,2021-03-30
2021-03-28,17,2021-03-30
2021-03-29,12,2021-03-30
2021-03-24,1,2021-03-31
2021-03-25,1,2021-03-31
2021-03-26,1,2021-03-31
2021-03-27,1,2021-03-31
2021-03-28,1,2021-03-31
2021-03-29,9,2021-03-31
2021-03-30,7,2021-03-31
2021-02-20,1,2021-04-01
2021-03-24,2,2021-04-01
2021-03-26,2,2021-04-01
2021-03-27,1,2021-04-01
2021-03-28,3,2021-04-01
2021-03-29,1,2021-04-01
2021-03-30,12,2021-04-01
2021-03-31,21,2021-04-01
2021-03-25,2,2021-04-06
2021-03-26,1,2021-04-06
2021-03-28,2,2021-04-06
2021-03-29,5,2021-04-06
2021-03-30,9,2021-04-06
2021-03-31,13,2021-04-06
2021-04-01,21,2021-04-06
2021-04-02,19,2021-04-06
2021-04-03,18,2021-04-06
2021-04-04,19,2021-04-06
2021-04-05,13,2021-04-06
2021-03-05,1,2021-04-07
2021-03-14,1,2021-04-07
2021-03-22,1,2021-04-07
2021-03-28,1,2021-04-07
2021-03-30,1,2021-04-07
2021-03-31,1,2021-04-07
2021-04-01,6,2021-04-07
2021-04-02,8,2021-04-07
2021-04-03,6,2021-04-07
2021-04-04,10,2021-04-07
2021-04-05,14,2021-04-07
2021-04-06,14,2021-04-07
2021-03-27,1,2021-04-08
2021-03-30,1,2021-04-08
2021-04-03,2,2021-04-08
2021-04-04,1,2021-04-08
2021-04-05,1,2021-04-08
2021-04-06,4,2021-04-08
2021-04-07,12,2021-04-08
2021-02-17,1,2021-04-09
2021-03-31,1,2021-04-09
2021-04-01,1,2021-04-09
2021-04-02,2,2021-04-09
2021-04-05,1,2021-04-09
2021-04-06,6,2021-04-09
2021-04-07,18,2021-04-09
2021-04-08,12,2021-04-09
2021-02-22,1,2021-04-13
2021-02-26,1,2021-04-13
2021-03-26,1,2021-04-13
2021-03-31,1,2021-04-13
2021-04-01,3,2021-04-13
2021-04-02,3,2021-04-13
2021-04-03,1,2021-04-13
2021-04-04,3,2021-04-13
2021-04-05,2,2021-04-13
2021-04-06,5,2021-04-13
2021-04-07,9,2021-04-13
2021-04-08,25,2021-04-13
2021-04-09,32,2021-04-13
2021-04-10,29,2021-04-13
2021-04-11,25,2021-04-13
2021-04-12,20,2021-04-13
2021-02-08,1,2021-04-14
2021-03-14,1,2021-04-14
2021-03-22,1,2021-04-14
2021-03-26,1,2021-04-14
2021-04-03,1,2021-04-14
2021-04-06,1,2021-04-14
2021-04-08,1,2021-04-14
2021-04-09,2,2021-04-14
2021-04-11,1,2021-04-14
2021-04-12,9,2021-04-14
2021-04-13,18,2021-04-14
2021-04-08,1,2021-04-15
2021-04-09,3,2021-04-15
2021-04-10,2,2021-04-15
2021-04-11,1,2021-04-15
2021-04-12,3,2021-04-15
2021-04-13,11,2021-04-15
2021-04-14,16,2021-04-15
2021-03-15,1,2021-04-16
2021-03-27,1,2021-04-16
2021-04-08,1,2021-04-16
2021-04-10,2,2021-04-16
2021-04-11,3,2021-04-16
2021-04-12,2,2021-04-16
2021-04-13,5,2021-04-16
2021-04-14,10,2021-04-16
2021-04-15,16,2021-04-16
2021-03-15,1,2021-04-20
2021-04-03,1,2021-04-20
2021-04-06,1,2021-04-20
2021-04-08,1,2021-04-20
2021-04-09,3,2021-04-20
2021-04-10,2,2021-04-20
2021-04-12,2,2021-04-20
2021-04-13,4,2021-04-20
2021-04-14,1,2021-04-20
2021-04-15,16,2021-04-20
2021-04-16,31,2021-04-20
2021-04-17,31,2021-04-20
2021-04-18,20,2021-04-20
2021-04-19,14,2021-04-20
2021-03-24,1,2021-04-21
2021-04-14,1,2021-04-21
2021-04-15,1,2021-04-21
2021-04-16,5,2021-04-21
2021-04-17,3,2021-04-21
2021-04-18,6,2021-04-21
2021-04-19,8,2021-04-21
2021-04-20,16,2021-04-21
2021-04-04,1,2021-04-22
2021-04-09,1,2021-04-22
2021-04-11,1,2021-04-22
2021-04-12,1,2021-04-22
2021-04-13,1,2021-04-22
2021-04-15,2,2021-04-22
2021-04-16,4,2021-04-22
2021-04-17,2,2021-04-22
2021-04-18,2,2021-04-22
2021-04-19,4,2021-04-22
2021-04-20,10,2021-04-22
2021-04-21,13,2021-04-22
2021-03-12,1,2021-04-23
2021-04-11,1,2021-04-23
2021-04-15,1,2021-04-23
2021-04-17,1,2021-04-23
2021-04-19,3,2021-04-23
2021-04-20,5,2021-04-23
2021-04-21,12,2021-04-23
2021-04-22,15,2021-04-23
2021-04-21,3,2021-04-27
2021-04-22,11,2021-04-27
2021-04-23,27,2021-04-27
2021-04-24,17,2021-04-27
2021-04-25,33,2021-04-27
2021-04-26,13,2021-04-27
2021-04-05,1,2021-04-28
2021-04-21,1,2021-04-28
2021-04-22,2,2021-04-28
2021-04-23,4,2021-04-28
2021-04-24,4,2021-04-28
2021-04-25,4,2021-04-28
2021-04-26,7,2021-04-28
2021-04-27,11,2021-04-28
2021-04-21,1,2021-04-29
2021-04-26,2,2021-04-29
2021-04-27,10,2021-04-29
2021-04-28,15,2021-04-29
2020-04-22,1,2021-04-30
2021-01-03,1,2021-04-30
2021-04-15,1,2021-04-30
2021-04-21,1,2021-04-30
2021-04-22,1,2021-04-30
2021-04-27,3,2021-04-30
2021-04-28,5,2021-04-30
2021-04-29,12,2021-04-30
2021-04-10,2,2021-05-04
2021-04-24,1,2021-05-04
2021-04-26,4,2021-05-04
2021-04-27,3,2021-05-04
2021-04-28,1,2021-05-04
2021-04-29,13,2021-05-04
2021-04-30,24,2021-05-04
2021-05-01,22,2021-05-04
2021-05-02,22,2021-05-04
2021-05-03,6,2021-05-04
2021-04-13,2,2021-05-05
2021-04-18,1,2021-05-05
2021-04-20,2,2021-05-05
2021-04-27,1,2021-05-05
2021-04-28,1,2021-05-05
2021-04-29,1,2021-05-05
2021-04-30,7,2021-05-05
2021-05-01,3,2021-05-05
2021-05-02,5,2021-05-05
2021-05-03,18,2021-05-05
2021-05-04,13,2021-05-05
2021-04-29,1,2021-05-06
2021-04-30,1,2021-05-06
2021-05-04,6,2021-05-06
2021-05-05,10,2021-05-06
2021-04-08,1,2021-05-07
2021-04-29,2,2021-05-07
2021-04-30,2,2021-05-07
2021-05-01,1,2021-05-07
2021-05-02,3,2021-05-07
2021-05-03,2,2021-05-07
2021-05-04,2,2021-05-07
2021-05-05,11,2021-05-07
2021-05-06,9,2021-05-07
2021-04-14,1,2021-05-11
2021-04-16,1,2021-05-11
2021-04-17,1,2021-05-11
2021-04-24,1,2021-05-11
2021-04-25,1,2021-05-11
2021-04-26,1,2021-05-11
2021-04-29,1,2021-05-11
2021-04-30,1,2021-05-11
2021-05-01,2,2021-05-11
2021-05-02,1,2021-05-11
2021-05-03,1,2021-05-11
2021-05-04,2,2021-05-11
2021-05-05,5,2021-05-11
2021-05-06,18,2021-05-11
2021-05-07,19,2021-05-11
2021-05-08,22,2021-05-11
2021-05-09,14,2021-05-11
2021-05-10,14,2021-05-11
2020-03-22,2,2021-05-12
2020-03-23,2,2021-05-12
2020-03-24,1,2021-05-12
2021-04-30,1,2021-05-12
2021-05-07,1,2021-05-12
2021-05-09,1,2021-05-12
2021-05-10,8,2021-05-12
2021-05-11,13,2021-05-12
2021-05-03,1,2021-05-14
2021-05-06,1,2021-05-14
2021-05-07,1,2021-05-14
2021-05-08,1,2021-05-14
2021-05-09,6,2021-05-14
2021-05-10,4,2021-05-14
2021-05-11,7,2021-05-14
2021-05-12,9,2021-05-14
2021-05-13,1,2021-05-14
2021-03-17,1,2021-05-18
2021-03-22,1,2021-05-18
2021-04-28,1,2021-05-18
2021-04-29,1,2021-05-18
2021-05-01,1,2021-05-18
2021-05-03,1,2021-05-18
2021-05-04,1,2021-05-18
2021-05-06,1,2021-05-18
2021-05-07,2,2021-05-18
2021-05-09,1,2021-05-18
2021-05-11,2,2021-05-18
2021-05-12,3,2021-05-18
2021-05-13,12,2021-05-18
2021-05-14,16,2021-05-18
2021-05-15,11,2021-05-18
2021-05-16,5,2021-05-18
2021-05-17,9,2021-05-18
2021-04-26,1,2021-05-19
2021-05-02,1,2021-05-19
2021-05-07,1,2021-05-19
2021-05-10,1,2021-05-19
2021-05-12,1,2021-05-19
2021-05-15,1,2021-05-19
2021-05-16,1,2021-05-19
2021-05-17,2,2021-05-19
2021-05-18,4,2021-05-19
2021-05-11,1,2021-05-20
2021-05-14,2,2021-05-20
2021-05-16,3,2021-05-20
2021-05-17,2,2021-05-20
2021-05-18,1,2021-05-20
2021-05-19,6,2021-05-20
2021-05-14,1,2021-05-21
2021-05-18,2,2021-05-21
2021-05-19,6,2021-05-21
2021-05-20,1,2021-05-21
2021-04-10,1,2021-05-25
2021-05-06,1,2021-05-25
2021-05-16,1,2021-05-25
2021-05-17,2,2021-05-25
2021-05-18,1,2021-05-25
2021-05-19,3,2021-05-25
2021-05-20,5,2021-05-25
2021-05-21,13,2021-05-25
2021-05-22,10,2021-05-25
2021-05-23,12,2021-05-25
2021-05-24,4,2021-05-25
2021-05-07,1,2021-05-26
2021-05-24,5,2021-05-26
2021-05-25,8,2021-05-26
2021-05-01,1,2021-05-27
2021-05-08,1,2021-05-27
2021-05-18,2,2021-05-27
2021-05-23,2,2021-05-27
2021-05-24,1,2021-05-27
2021-05-25,3,2021-05-27
2021-05-26,7,2021-05-27
2021-04-20,1,2021-06-03
2021-04-29,1,2021-06-03
2021-05-13,1,2021-06-03
2021-05-14,1,2021-06-03
2021-05-17,1,2021-06-03
2021-05-19,1,2021-06-03
2021-05-23,2,2021-06-03
2021-05-24,1,2021-06-03
2021-05-26,5,2021-06-03
2021-05-27,8,2021-06-03
2021-05-28,4,2021-06-03
2021-05-29,6,2021-06-03
2021-05-30,2,2021-06-03
2021-05-31,2,2021-06-03
2021-06-01,5,2021-06-03
2021-06-02,2,2021-06-03
2021-03-14,1,2021-06-04
2021-06-01,1,2021-06-04
2021-06-02,1,2021-06-04
2021-06-03,1,2021-06-04
2021-05-08,1,2021-06-08
2021-05-17,1,2021-06-08
2021-05-27,1,2021-06-08
2021-05-31,1,2021-06-08
2021-06-02,1,2021-06-08
2021-06-03,3,2021-06-08
2021-06-04,2,2021-06-08
2021-06-05,1,2021-06-08
2021-06-06,3,2021-06-08
2021-06-07,3,2021-06-08
2021-05-09,1,2021-06-09
2021-05-28,1,2021-06-09
2021-05-29,1,2021-06-09
2021-05-30,1,2021-06-09
2021-06-06,2,2021-06-09
2021-06-07,4,2021-06-09
2021-06-06,1,2021-06-10
2021-06-08,2,2021-06-10
2021-06-09,2,2021-06-10
2021-05-26,1,2021-06-11
2021-05-27,1,2021-06-11
2021-06-04,2,2021-06-11
2021-06-06,1,2021-06-11
2021-06-08,1,2021-06-11
2021-06-09,3,2021-06-11
2021-06-07,2,2021-06-14
2021-06-09,1,2021-06-14
2021-06-10,2,2021-06-14
2021-06-11,2,2021-06-14
2021-06-13,1,2021-06-14
2021-05-07,1,2021-06-17
2021-05-23,1,2021-06-17
2021-06-12,1,2021-06-17
2021-06-13,3,2021-06-17
2021-06-15,2,2021-06-17
2021-06-08,1,2021-06-22
2021-06-10,1,2021-06-22
2021-06-11,1,2021-06-22
2021-06-14,1,2021-06-22
2021-06-15,1,2021-06-22
2021-06-16,1,2021-06-22
2021-06-17,1,2021-06-22
2021-06-18,1,2021-06-22
2021-06-19,1,2021-06-22
2021-06-21,2,2021-06-22
2021-06-16,1,2021-06-23
2021-06-17,1,2021-06-23
2021-06-09,1,2021-06-24
2021-06-19,1,2021-06-24
2021-06-21,2,2021-06-24
2021-06-22,2,2021-06-24
2021-06-23,1,2021-06-24
2021-06-13,1,2021-06-29
2021-06-23,1,2021-06-29
2021-06-24,3,2021-06-29
2021-06-26,1,2021-06-29
2021-06-27,1,2021-06-29
2021-06-27,1,2021-06-30
2021-06-29,1,2021-06-30
2021-06-17,1,2021-07-01
2021-06-21,1,2021-07-01
2020-03-25,1,2021-07-06
2020-03-26,1,2021-07-06
2020-03-30,2,2021-07-06
2020-04-05,1,2021-07-06
2020-04-09,1,2021-07-06
2021-06-30,1,2021-07-06
2021-07-02,2,2021-07-06
2021-07-05,1,2021-07-06
2021-07-05,1,2021-07-07
2021-07-07,1,2021-07-09
2021-07-02,1,2021-07-13
2021-07-08,1,2021-07-13
2021-07-10,1,2021-07-13
2021-05-27,1,2021-07-14
2021-07-08,1,2021-07-14
2021-07-13,1,2021-07-15
2020-04-07,2,2021-07-20
2021-07-14,1,2021-07-20
2021-07-15,1,2021-07-20
2021-07-16,1,2021-07-20
2021-07-17,2,2021-07-20
2021-07-18,1,2021-07-21
2020-04-26,1,2021-07-27
2021-07-13,1,2021-07-27
2021-07-18,1,2021-07-27
2021-07-23,1,2021-07-27
2021-07-24,1,2021-07-27
2021-07-13,1,2021-07-29
2021-07-26,1,2021-07-29
2021-07-25,1,2021-07-30
2021-07-27,1,2021-07-30
2020-05-03,1,2021-08-03
2021-07-09,1,2021-08-03
2021-07-20,1,2021-08-03
2021-07-21,1,2021-08-03
2021-07-25,1,2021-08-03
2021-07-29,1,2021-08-03
2021-07-30,1,2021-08-03
2021-08-01,3,2021-08-03
2021-08-02,1,2021-08-03
2021-08-02,2,2021-08-04
2021-07-29,1,2021-08-05
2021-07-31,1,2021-08-05
2021-08-04,2,2021-08-05
2021-08-05,2,2021-08-06
2021-07-26,1,2021-08-10
2021-07-29,1,2021-08-10
2021-07-30,1,2021-08-10
2021-08-02,1,2021-08-10
2021-08-03,2,2021-08-10
2021-08-05,1,2021-08-10
2021-08-06,1,2021-08-10
2021-08-07,3,2021-08-10
2021-08-08,1,2021-08-10
2021-08-09,3,2021-08-10
2021-07-06,1,2021-08-11
2021-08-08,1,2021-08-11
2021-08-10,2,2021-08-11
2021-08-10,2,2021-08-12
2021-08-11,1,2021-08-12
2021-08-11,2,2021-08-13
2021-08-12,3,2021-08-13
2021-08-13,1,2021-08-17
2021-08-14,2,2021-08-17
2021-08-15,1,2021-08-17
2021-08-16,1,2021-08-17
2021-03-27,1,2021-08-18
2021-03-31,1,2021-08-18
2021-04-18,1,2021-08-18
2021-08-09,1,2021-08-18
2021-08-14,1,2021-08-18
2021-08-15,1,2021-08-18
2021-08-16,2,2021-08-18
2021-08-17,1,2021-08-18
2021-08-15,1,2021-08-19
2021-08-17,1,2021-08-19
2021-08-18,2,2021-08-19
2021-07-30,1,2021-08-20
2021-08-05,1,2021-08-20
2021-08-17,1,2021-08-20
2021-08-18,1,2021-08-20
2021-08-15,1,2021-08-24
2021-08-17,1,2021-08-24
2021-08-18,1,2021-08-24
2021-08-19,2,2021-08-24
2021-08-20,3,2021-08-24
2021-08-21,1,2021-08-24
2021-08-22,4,2021-08-24
2021-08-23,1,2021-08-24
2021-04-06,1,2021-08-25
2021-04-30,1,2021-08-25
2021-08-23,2,2021-08-25
2021-08-21,1,2021-08-26
2021-08-23,2,2021-08-26
2021-08-24,1,2021-08-26
2021-08-25,1,2021-08-26
2021-08-24,1,2021-08-27
2021-08-25,5,2021-08-27
2021-08-26,5,2021-08-27
2021-06-07,1,2021-08-31
2021-08-21,1,2021-08-31
2021-08-26,3,2021-08-31
2021-08-27,4,2021-08-31
2021-08-28,2,2021-08-31
2021-08-29,4,2021-08-31
2021-08-30,1,2021-08-31
2021-05-10,1,2021-09-01
2021-06-06,1,2021-09-01
2021-08-21,1,2021-09-01
2021-08-27,1,2021-09-01
2021-08-29,2,2021-09-01
2021-08-30,1,2021-09-01
2021-08-31,2,2021-09-01
2021-08-30,1,2021-09-02
2021-08-31,3,2021-09-02
2021-09-01,3,2021-09-03
2021-09-02,3,2021-09-03
2021-08-19,1,2021-09-07
2021-08-29,1,2021-09-07
2021-08-31,1,2021-09-07
2021-09-01,5,2021-09-07
2021-09-02,5,2021-09-07
2021-09-03,3,2021-09-07
2021-09-04,2,2021-09-07
2021-09-05,4,2021-09-07
2021-09-06,1,2021-09-07
2021-09-02,1,2021-09-08
2021-09-03,1,2021-09-08
2021-09-05,1,2021-09-08
2021-09-06,1,2021-09-08
2021-09-07,2,2021-09-08
2021-09-02,1,2021-09-09
2021-09-03,1,2021-09-09
2021-09-05,1,2021-09-09
2021-09-06,1,2021-09-09
2021-09-07,3,2021-09-09
2021-09-08,3,2021-09-09
2021-09-03,1,2021-09-10
2021-09-07,1,2021-09-10
2021-09-09,2,2021-09-10
2021-09-02,1,2021-09-14
2021-09-04,1,2021-09-14
2021-09-05,1,2021-09-14
2021-09-10,4,2021-09-14
2021-09-11,3,2021-09-14
2021-09-12,2,2021-09-14
2021-09-13,1,2021-09-14
2021-09-09,1,2021-09-15
2021-09-11,1,2021-09-15
2021-09-12,1,2021-09-15
2021-09-13,1,2021-09-15
2021-09-09,1,2021-09-16
2021-09-12,1,2021-09-16
2021-09-14,2,2021-09-16
2021-09-15,1,2021-09-16
2021-09-13,1,2021-09-17
2021-09-03,1,2021-09-21
2021-09-08,1,2021-09-21
2021-09-13,1,2021-09-21
2021-09-16,4,2021-09-21
2021-09-17,2,2021-09-21
2021-09-18,8,2021-09-21
2021-09-20,4,2021-09-21
2021-09-04,1,2021-09-22
2021-09-20,1,2021-09-22
2021-09-20,1,2021-09-23
2021-09-21,1,2021-09-23
2021-09-22,1,2021-09-23
2021-09-20,1,2021-09-24
2021-09-22,2,2021-09-24
2021-04-06,1,2021-09-28
2021-09-18,1,2021-09-28
2021-09-21,2,2021-09-28
2021-09-23,1,2021-09-28
2021-09-24,2,2021-09-28
2021-09-25,2,2021-09-28
2021-09-27,2,2021-09-28
2021-07-29,1,2021-09-29
2021-09-14,1,2021-09-29
2021-09-24,1,2021-09-29
2021-09-27,1,2021-09-29
2021-09-28,4,2021-09-29
2021-09-05,1,2021-09-30
2021-09-25,1,2021-09-30
2021-09-26,1,2021-09-30
2021-09-28,2,2021-09-30
2021-09-30,1,2021-10-01
2021-09-28,1,2021-10-05
2021-09-30,1,2021-10-05
2021-10-02,2,2021-10-05
2021-10-03,1,2021-10-05
2021-09-18,1,2021-10-06
2021-09-19,1,2021-10-06
2021-09-29,1,2021-10-06
2021-09-29,1,2021-10-07
2021-10-03,1,2021-10-07
2021-10-06,1,2021-10-07
2021-09-28,1,2021-10-08
2021-10-05,1,2021-10-08
2021-10-07,1,2021-10-08
2021-04-09,1,2021-10-12
2021-08-03,1,2021-10-12
2021-10-05,1,2021-10-12
2021-10-07,1,2021-10-12
2021-10-08,1,2021-10-12
2021-10-09,2,2021-10-12
2021-10-10,3,2021-10-12
2021-10-04,1,2021-10-13
2021-10-10,1,2021-10-13
2021-10-12,1,2021-10-14
2021-08-27,1,2021-10-15
2021-09-05,1,2021-10-15
2021-10-10,1,2021-10-15
2021-10-14,1,2021-10-15
2021-10-04,1,2021-10-19
2021-10-15,5,2021-10-19
2021-10-16,2,2021-10-19
2021-10-18,1,2021-10-19
2021-10-15,2,2021-10-20
2021-10-16,1,2021-10-20
2021-10-17,1,2021-10-21
2021-10-18,4,2021-10-21
2021-10-19,1,2021-10-21
2021-10-14,1,2021-10-22
2021-10-20,1,2021-10-22
2021-10-23,2,2021-10-26
2021-10-24,2,2021-10-26
2021-10-20,1,2021-10-27
2021-10-22,2,2021-10-27
2021-10-23,1,2021-10-27
2021-10-27,2,2021-10-28
2021-10-17,1,2021-10-29
2021-10-23,1,2021-10-29
2021-10-24,1,2021-10-29
2021-10-27,1,2021-10-29
2021-09-28,1,2021-11-02
2021-10-18,1,2021-11-02
2021-10-25,1,2021-11-02
2021-10-26,1,2021-11-02
2021-10-27,2,2021-11-02
2021-10-28,1,2021-11-02
2021-10-29,2,2021-11-02
2021-10-30,1,2021-11-02
2021-10-31,2,2021-11-02
2021-11-01,1,2021-11-02
2021-11-01,1,2021-11-03
2021-11-02,2,2021-11-03
2021-10-29,1,2021-11-04
2021-11-02,2,2021-11-04
2021-10-28,1,2021-11-05
2021-11-03,1,2021-11-05
2021-11-04,1,2021-11-05
2021-10-26,1,2021-11-09
2021-10-30,1,2021-11-09
2021-11-01,1,2021-11-09
2021-11-04,3,2021-11-09
2021-11-05,2,2021-11-09
2021-11-06,1,2021-11-09
2021-11-07,1,2021-11-09
2021-11-08,2,2021-11-09
2021-11-08,1,2021-11-11
2021-11-09,2,2021-11-11
2021-11-06,1,2021-11-12
2021-11-08,1,2021-11-12
2021-11-10,2,2021-11-12
2021-11-08,1,2021-11-16
2021-11-09,2,2021-11-16
2021-11-11,3,2021-11-16
2021-11-12,2,2021-11-16
2021-11-13,1,2021-11-16
2021-11-14,3,2021-11-16
2021-11-12,2,2021-11-17
2021-11-06,1,2021-11-18
2021-11-12,1,2021-11-18
2021-11-17,1,2021-11-19
2021-11-17,1,2021-11-23
2021-11-18,2,2021-11-23
2021-11-19,1,2021-11-23
2021-11-20,1,2021-11-23
2021-11-22,3,2021-11-23
2021-11-16,1,2021-11-24
2021-11-18,2,2021-11-24
2021-11-19,1,2021-11-24
2021-11-20,1,2021-11-24
2021-11-21,1,2021-11-24
2021-11-24,1,2021-11-25
2021-11-24,2,2021-11-26
2021-11-25,2,2021-11-26
2021-11-05,1,2021-11-30
2021-11-20,1,2021-11-30
2021-11-23,1,2021-11-30
2021-11-25,7,2021-11-30
2021-11-26,3,2021-11-30
2021-11-27,1,2021-11-30
2021-11-28,3,2021-11-30
2021-11-26,3,2021-12-01
2021-11-28,3,2021-12-01
2021-11-29,2,2021-12-01
2021-11-30,3,2021-12-01
2021-11-24,1,2021-12-02
2021-11-25,1,2021-12-02
2021-12-01,3,2021-12-02
2021-11-03,1,2021-12-03
2021-11-24,1,2021-12-03
2021-11-29,1,2021-12-03
2021-11-30,1,2021-12-03
2021-11-30,3,2021-12-07
2021-12-01,1,2021-12-07
2021-12-02,2,2021-12-07
2021-12-03,5,2021-12-07
2021-12-04,1,2021-12-07
2021-12-05,3,2021-12-07
2021-12-06,4,2021-12-07
2021-12-04,2,2021-12-08
2021-12-05,1,2021-12-08
2021-12-06,1,2021-12-08
2021-12-07,6,2021-12-08
2021-11-25,1,2021-12-09
2021-12-05,1,2021-12-09
2021-12-07,4,2021-12-09
2021-12-08,2,2021-12-09
2021-12-05,1,2021-12-10
2021-12-06,1,2021-12-10
2021-12-08,3,2021-12-10
2021-11-27,1,2021-12-14
2021-12-08,3,2021-12-14
2021-12-09,2,2021-12-14
2021-12-10,3,2021-12-14
2021-12-11,5,2021-12-14
2021-12-12,9,2021-12-14
2021-11-27,1,2021-12-15
2021-12-03,1,2021-12-15
2021-12-12,1,2021-12-15
2021-12-13,4,2021-12-15
2021-12-14,5,2021-12-15
2021-11-10,1,2021-12-16
2021-12-14,6,2021-12-16
2021-12-10,1,2021-12-17
2021-12-14,2,2021-12-17
2021-12-15,3,2021-12-17
2021-12-16,4,2021-12-17
2021-12-02,1,2021-12-21
2021-12-10,1,2021-12-21
2021-12-13,3,2021-12-21
2021-12-14,2,2021-12-21
2021-12-15,4,2021-12-21
2021-12-16,6,2021-12-21
2021-12-17,4,2021-12-21
2021-12-18,6,2021-12-21
2021-12-19,4,2021-12-21
2021-12-20,3,2021-12-21
2021-12-14,1,2021-12-22
2021-12-15,2,2021-12-22
2021-12-17,1,2021-12-22
2021-12-19,4,2021-12-22
2021-12-20,3,2021-12-22
2021-12-21,7,2021-12-22
2021-12-16,1,2021-12-23
2021-12-20,3,2021-12-23
2021-12-21,3,2021-12-23
2021-12-22,2,2021-12-23
2021-12-13,1,2021-12-28
2021-12-18,1,2021-12-28
2021-12-20,3,2021-12-28
2021-12-21,2,2021-12-28
2021-12-22,6,2021-12-28
2021-12-23,6,2021-12-28
2021-12-24,6,2021-12-28
2021-12-25,2,2021-12-28
2021-12-26,6,2021-12-28
2021-12-27,4,2021-12-28
2021-12-14,1,2021-12-29
2021-12-19,1,2021-12-29
2021-12-25,3,2021-12-29
2021-12-26,1,2021-12-29
2021-12-27,1,2021-12-29
2021-12-28,4,2021-12-29
2021-12-27,1,2021-12-30
2021-12-28,3,2021-12-30
2021-12-29,2,2021-12-30
2021-09-30,1,2022-01-04
2021-12-24,2,2022-01-04
2021-12-27,2,2022-01-04
2021-12-28,3,2022-01-04
2021-12-29,8,2022-01-04
2021-12-30,11,2022-01-04
2021-12-31,8,2022-01-04
2022-01-01,14,2022-01-04
2022-01-02,4,2022-01-04
2022-01-03,4,2022-01-04
2021-12-20,1,2022-01-07
2021-12-27,2,2022-01-07
2021-12-30,1,2022-01-07
2021-12-31,1,2022-01-07
2022-01-01,2,2022-01-07
2022-01-02,3,2022-01-07
2022-01-03,7,2022-01-07
2022-01-04,7,2022-01-07
2022-01-05,10,2022-01-07
2022-01-06,2,2022-01-07
2021-12-25,1,2022-01-11
2021-12-26,1,2022-01-11
2021-12-30,1,2022-01-11
2022-01-02,1,2022-01-11
2022-01-05,5,2022-01-11
2022-01-06,7,2022-01-11
2022-01-07,7,2022-01-11
2022-01-08,6,2022-01-11
2022-01-09,3,2022-01-11
2022-01-10,4,2022-01-11
2021-12-17,1,2022-01-12
2021-12-21,1,2022-01-12
2021-12-28,1,2022-01-12
2022-01-02,1,2022-01-12
2022-01-05,1,2022-01-12
2022-01-06,1,2022-01-12
2022-01-07,3,2022-01-12
2022-01-10,4,2022-01-12
2022-01-11,2,2022-01-12
2021-12-30,2,2022-01-13
2021-12-31,2,2022-01-13
2022-01-04,1,2022-01-13
2022-01-06,1,2022-01-13
2022-01-07,1,2022-01-13
2022-01-08,1,2022-01-13
2022-01-10,1,2022-01-13
2022-01-11,5,2022-01-13
2022-01-12,3,2022-01-13
2022-01-09,1,2022-01-14
2022-01-10,2,2022-01-14
2022-01-11,4,2022-01-14
2022-01-12,4,2022-01-14
2022-01-13,5,2022-01-14
2022-01-06,1,2022-01-18
2022-01-09,1,2022-01-18
2022-01-11,2,2022-01-18
2022-01-12,4,2022-01-18
2022-01-13,5,2022-01-18
2022-01-14,14,2022-01-18
2022-01-15,8,2022-01-18
2022-01-16,11,2022-01-18
2022-01-17,2,2022-01-18
2022-01-15,1,2022-01-19
2022-01-17,5,2022-01-19
2022-01-18,5,2022-01-19
2022-01-17,1,2022-01-20
2022-01-18,1,2022-01-20
2022-01-19,4,2022-01-20
2022-01-02,1,2022-01-21
2022-01-17,1,2022-01-21
2022-01-18,4,2022-01-21
2022-01-19,4,2022-01-21
2022-01-20,5,2022-01-21
2022-01-08,2,2022-01-25
2022-01-09,2,2022-01-25
2022-01-11,1,2022-01-25
2022-01-12,2,2022-01-25
2022-01-14,2,2022-01-25
2022-01-15,1,2022-01-25
2022-01-18,1,2022-01-25
2022-01-19,2,2022-01-25
2022-01-20,7,2022-01-25
2022-01-21,4,2022-01-25
2022-01-22,7,2022-01-25
2022-01-23,3,2022-01-25
2022-01-24,3,2022-01-25
2021-12-19,1,2022-01-26
2021-12-30,1,2022-01-26
2022-01-13,2,2022-01-26
2022-01-16,2,2022-01-26
2022-01-18,1,2022-01-26
2022-01-21,3,2022-01-26
2022-01-23,2,2022-01-26
2022-01-24,8,2022-01-26
2022-01-25,3,2022-01-26
2022-01-09,1,2022-01-27
2022-01-10,1,2022-01-27
2022-01-16,1,2022-01-27
2022-01-17,1,2022-01-27
2022-01-21,3,2022-01-27
2022-01-22,2,2022-01-27
2022-01-23,3,2022-01-27
2022-01-24,3,2022-01-27
2022-01-25,3,2022-01-27
2022-01-26,4,2022-01-27
2021-12-21,1,2022-01-28
2022-01-05,1,2022-01-28
2022-01-09,1,2022-01-28
2022-01-22,4,2022-01-28
2022-01-23,1,2022-01-28
2022-01-24,1,2022-01-28
2022-01-25,5,2022-01-28
2022-01-26,9,2022-01-28
2022-01-27,6,2022-01-28
2022-01-10,1,2022-02-01
2022-01-19,1,2022-02-01
2022-01-21,1,2022-02-01
2022-01-23,1,2022-02-01
2022-01-24,2,2022-02-01
2022-01-25,3,2022-02-01
2022-01-26,1,2022-02-01
2022-01-27,3,2022-02-01
2022-01-28,6,2022-02-01
2022-01-29,12,2022-02-01
2022-01-30,6,2022-02-01
2022-01-31,9,2022-02-01
2022-01-21,1,2022-02-02
2022-01-26,1,2022-02-02
2022-01-30,2,2022-02-02
2022-01-31,2,2022-02-02
2022-02-01,4,2022-02-02
2022-01-26,1,2022-02-03
2022-01-28,1,2022-02-03
2022-01-31,2,2022-02-03
2022-02-01,4,2022-02-03
2022-02-02,7,2022-02-03
2022-01-21,1,2022-02-04
2022-01-28,1,2022-02-04
2022-01-29,1,2022-02-04
2022-01-30,2,2022-02-04
2022-02-01,2,2022-02-04
2022-02-02,4,2022-02-04
2022-02-03,4,2022-02-04
2021-10-25,1,2022-02-08
2021-11-22,1,2022-02-08
2022-01-11,1,2022-02-08
2022-01-13,1,2022-02-08
2022-01-20,1,2022-02-08
2022-01-24,2,2022-02-08
2022-01-25,1,2022-02-08
2022-01-28,2,2022-02-08
2022-01-30,1,2022-02-08
2022-01-31,1,2022-02-08
2022-02-02,6,2022-02-08
2022-02-03,3,2022-02-08
2022-02-04,12,2022-02-08
2022-02-05,10,2022-02-08
2022-02-06,6,2022-02-08
2022-02-07,4,2022-02-08
2022-01-19,1,2022-02-09
2022-01-22,1,2022-02-09
2022-01-27,1,2022-02-09
2022-02-01,3,2022-02-09
2022-02-03,1,2022-02-09
2022-02-04,1,2022-02-09
2022-02-05,1,2022-02-09
2022-02-06,2,2022-02-09
2022-02-07,9,2022-02-09
2022-02-08,4,2022-02-09
2022-01-11,1,2022-02-10
2022-01-17,1,2022-02-10
2022-01-24,2,2022-02-10
2022-01-28,2,2022-02-10
2022-02-02,1,2022-02-10
2022-02-03,2,2022-02-10
2022-02-07,2,2022-02-10
2022-02-08,10,2022-02-10
2022-02-09,4,2022-02-10
2022-02-02,1,2022-02-11
2022-02-06,1,2022-02-11
2022-02-07,2,2022-02-11
2022-02-08,2,2022-02-11
2022-02-09,5,2022-02-11
2022-02-10,1,2022-02-11
2022-02-07,1,2022-02-15
2022-02-09,1,2022-02-15
2022-02-10,4,2022-02-15
2022-02-11,10,2022-02-15
2022-02-12,4,2022-02-15
2022-02-13,3,2022-02-15
2022-02-14,2,2022-02-15
2022-01-22,1,2022-02-16
2022-02-09,1,2022-02-16
2022-02-10,1,2022-02-16
2022-02-12,1,2022-02-16
2022-02-13,1,2022-02-16
2022-02-14,3,2022-02-16
2022-02-15,2,2022-02-16
2022-02-14,1,2022-02-17
2022-02-15,1,2022-02-17
2022-02-16,2,2022-02-17
2022-02-15,2,2022-02-18
2022-02-16,5,2022-02-18
2022-02-17,1,2022-02-18
2022-02-10,1,2022-02-22
2022-02-14,1,2022-02-22
2022-02-17,6,2022-02-22
2022-02-18,10,2022-02-22
2022-02-19,4,2022-02-22
2022-02-20,8,2022-02-22
2022-02-21,5,2022-02-22
2022-02-03,1,2022-02-23
2022-02-10,1,2022-02-23
2022-02-17,1,2022-02-23
2022-02-18,2,2022-02-23
2022-02-19,1,2022-02-23
2022-02-21,8,2022-02-23
2022-02-22,4,2022-02-23
2022-02-22,1,2022-02-24
2022-02-22,1,2022-02-25
2022-02-23,1,2022-02-25
2022-02-24,2,2022-02-25
2022-02-12,1,2022-03-01
2022-02-17,1,2022-03-01
2022-02-18,1,2022-03-01
2022-02-21,2,2022-03-01
2022-02-22,2,2022-03-01
2022-02-24,2,2022-03-01
2022-02-26,3,2022-03-01
2022-02-27,5,2022-03-01
2022-02-28,2,2022-03-01
2022-02-28,1,2022-03-02
2022-03-01,1,2022-03-02
2022-02-28,1,2022-03-03
2022-03-02,1,2022-03-03
2022-02-13,1,2022-03-04
2022-02-25,1,2022-03-04
2022-03-01,2,2022-03-04
2022-03-02,1,2022-03-04
2022-03-03,3,2022-03-04
2022-02-21,1,2022-03-08
2022-02-24,1,2022-03-08
2022-02-28,1,2022-03-08
2022-03-01,1,2022-03-08
2022-03-03,6,2022-03-08
2022-03-04,2,2022-03-08
2022-03-05,3,2022-03-08
2022-03-06,3,2022-03-08
2022-03-07,4,2022-03-08
2022-03-07,1,2022-03-09
2022-03-08,1,2022-03-09
2022-03-07,1,2022-03-10
2022-03-08,1,2022-03-10
2022-03-09,1,2022-03-10
2022-01-16,1,2022-03-11
2022-03-06,1,2022-03-11
2022-03-08,1,2022-03-11
2022-03-09,1,2022-03-11
2021-12-09,1,2022-03-15
2022-03-09,4,2022-03-15
2022-03-10,4,2022-03-15
2022-03-11,2,2022-03-15
2022-03-12,2,2022-03-15
2022-03-13,4,2022-03-15
2022-03-14,2,2022-03-15
2022-01-12,1,2022-03-16
2022-01-27,1,2022-03-16
2022-02-14,1,2022-03-16
2022-03-09,2,2022-03-16
2022-03-10,2,2022-03-16
2022-03-12,3,2022-03-16
2022-03-14,1,2022-03-16
2022-03-09,1,2022-03-17
2022-03-10,1,2022-03-17
2022-03-12,1,2022-03-17
2022-03-15,1,2022-03-17
2022-03-16,2,2022-03-17
2022-03-12,1,2022-03-18
2022-03-16,1,2022-03-18
2022-02-08,1,2022-03-24
2022-02-11,1,2022-03-24
2022-02-24,2,2022-03-24
2022-02-25,1,2022-03-24
2022-03-05,1,2022-03-24
2022-03-08,1,2022-03-24
2022-03-16,1,2022-03-24
2022-03-17,1,2022-03-24
2022-03-19,1,2022-03-24
2022-03-20,3,2022-03-24
2022-03-21,5,2022-03-24
2022-03-22,3,2022-03-24
2022-03-15,2,2022-03-31
2022-03-18,1,2022-03-31
2022-03-20,2,2022-03-31
2022-03-21,1,2022-03-31
2022-03-22,2,2022-03-31
2022-03-23,2,2022-03-31
2022-03-25,3,2022-03-31
2022-03-28,2,2022-03-31
2022-03-29,1,2022-03-31
2022-03-30,4,2022-03-31
2022-02-19,1,2022-04-07
2022-03-13,1,2022-04-07
2022-03-25,1,2022-04-07
2022-03-26,1,2022-04-07
2022-03-28,2,2022-04-07
2022-03-30,3,2022-04-07
2022-04-01,1,2022-04-07
2022-04-02,2,2022-04-07
2022-04-03,2,2022-04-07
2022-04-04,3,2022-04-07
2022-04-06,1,2022-04-07
2022-02-09,1,2022-04-14
2022-04-01,1,2022-04-14
2022-04-05,3,2022-04-14
2022-04-06,1,2022-04-14
2022-04-07,4,2022-04-14
2022-04-08,2,2022-04-14
2022-04-09,5,2022-04-14
2022-04-11,1,2022-04-14
2022-04-12,1,2022-04-14
2022-04-13,1,2022-04-14
2022-03-22,1,2022-04-21
2022-04-05,1,2022-04-21
2022-04-07,1,2022-04-21
2022-04-12,3,2022-04-21
2022-04-13,2,2022-04-21
2022-04-14,3,2022-04-21
2022-04-15,2,2022-04-21
2022-04-16,2,2022-04-21
2022-04-17,2,2022-04-21
2022-04-19,2,2022-04-21
2022-04-20,1,2022-04-21
2022-02-12,1,2022-04-28
2022-02-13,1,2022-04-28
2022-02-17,1,2022-04-28
2022-03-05,1,2022-04-28
2022-03-10,1,2022-04-28
2022-04-13,1,2022-04-28
2022-04-16,1,2022-04-28
2022-04-18,1,2022-04-28
2022-04-20,3,2022-04-28
2022-04-21,2,2022-04-28
2022-04-22,4,2022-04-28
2022-04-24,2,2022-04-28
2022-04-25,1,2022-04-28
2022-04-26,1,2022-04-28
2022-04-27,1,2022-04-28
2022-04-06,1,2022-05-12
2022-04-09,1,2022-05-12
2022-04-15,1,2022-05-12
2022-04-16,1,2022-05-12
2022-04-20,1,2022-05-12
2022-04-23,1,2022-05-12
2022-04-30,1,2022-05-12
2022-05-01,5,2022-05-12
2022-05-02,1,2022-05-12
2022-05-03,2,2022-05-12
2022-05-05,2,2022-05-12
2022-05-06,1,2022-05-12
2022-05-09,1,2022-05-12
2022-01-28,1,2022-05-19
2022-04-29,2,2022-05-19
2022-05-04,1,2022-05-19
2022-05-06,1,2022-05-19
2022-05-10,1,2022-05-19
2022-05-11,1,2022-05-19
2022-05-12,1,2022-05-19
2022-05-13,2,2022-05-19
2022-05-14,2,2022-05-19
2022-05-15,1,2022-05-19
2022-05-19,1,2022-05-25
2022-05-20,1,2022-05-25
2022-05-21,1,2022-05-25
2022-05-23,2,2022-05-25
2022-05-11,1,2022-06-02
2022-05-30,1,2022-06-02
2022-05-31,2,2022-06-02
2022-06-01,1,2022-06-02
2022-02-04,1,2022-06-09
2022-02-09,2,2022-06-09
2022-02-25,2,2022-06-09
2022-03-21,1,2022-06-09
2022-04-05,1,2022-06-09
2022-05-30,1,2022-06-09
2022-06-03,1,2022-06-09
2022-06-05,1,2022-06-09
2022-06-07,1,2022-06-09
2022-02-25,1,2022-06-16
2022-03-03,1,2022-06-16
2022-03-18,1,2022-06-16
2022-05-07,1,2022-06-16
2022-06-03,1,2022-06-16
2022-06-08,2,2022-06-16
2022-06-12,3,2022-06-16
2022-03-22,1,2022-06-23
2022-04-10,1,2022-06-23
2022-06-14,1,2022-06-23
2022-06-15,1,2022-06-23
2022-06-17,1,2022-06-23
2022-06-20,2,2022-06-23
2022-06-21,1,2022-06-23
2022-06-19,1,2022-06-30
2022-06-24,2,2022-06-30
2022-06-25,1,2022-06-30
2022-06-26,3,2022-06-30
2022-06-27,1,2022-06-30
2022-06-24,1,2022-07-07
2022-06-27,1,2022-07-07
2022-06-28,1,2022-07-07
2022-07-01,1,2022-07-07
2022-07-02,1,2022-07-07
2022-07-05,2,2022-07-07
2022-06-23,1,2022-07-14
2022-06-27,1,2022-07-14
2022-07-03,1,2022-07-14
2022-07-04,1,2022-07-14
2022-07-05,1,2022-07-14
2022-07-08,1,2022-07-14
2022-07-10,1,2022-07-14
2022-02-09,1,2022-07-21
2022-06-18,1,2022-07-21
2022-07-11,1,2022-07-21
2022-07-13,2,2022-07-21
2022-07-14,2,2022-07-21
2022-07-15,4,2022-07-21
2022-07-16,2,2022-07-21
2022-07-17,1,2022-07-21
2022-07-18,1,2022-07-21
2022-07-19,1,2022-07-21
2022-06-17,2,2022-07-28
2022-06-23,1,2022-07-28
2022-07-01,1,2022-07-28
2022-07-09,1,2022-07-28
2022-07-11,1,2022-07-28
2022-07-13,1,2022-07-28
2022-07-17,1,2022-07-28
2022-07-18,2,2022-07-28
2022-07-20,2,2022-07-28
2022-07-21,3,2022-07-28
2022-07-22,2,2022-07-28
2022-07-23,1,2022-07-28
2022-07-24,1,2022-07-28
2022-07-25,2,2022-07-28
2022-07-26,2,2022-07-28
2022-07-27,1,2022-07-28
2022-06-23,1,2022-08-04
2022-07-06,1,2022-08-04
2022-07-14,1,2022-08-04
2022-07-18,1,2022-08-04
2022-07-22,1,2022-08-04
2022-07-23,2,2022-08-04
2022-07-24,3,2022-08-04
2022-07-26,2,2022-08-04
2022-07-27,3,2022-08-04
2022-07-30,1,2022-08-04
2022-07-31,1,2022-08-04
2022-08-01,2,2022-08-04
2022-08-02,1,2022-08-04
2022-08-03,2,2022-08-04
2022-04-03,1,2022-08-11
2022-04-28,1,2022-08-11
2022-07-14,1,2022-08-11
2022-07-21,2,2022-08-11
2022-07-28,1,2022-08-11
2022-08-01,2,2022-08-11
2022-08-04,3,2022-08-11
2022-08-05,2,2022-08-11
2022-08-06,1,2022-08-11
2022-08-07,3,2022-08-11
2022-08-08,4,2022-08-11
2022-08-09,3,2022-08-11
2022-08-10,1,2022-08-11
2022-02-11,1,2022-08-18
2022-02-18,1,2022-08-18
2022-02-22,1,2022-08-18
2022-02-27,1,2022-08-18
2022-02-28,1,2022-08-18
2022-03-27,1,2022-08-18
2022-07-11,1,2022-08-18
2022-07-31,1,2022-08-18
2022-08-04,1,2022-08-18
2022-08-09,1,2022-08-18
2022-08-10,2,2022-08-18
2022-08-11,3,2022-08-18
2022-08-12,3,2022-08-18
2022-08-15,1,2022-08-18
2022-08-16,5,2022-08-18
2022-08-17,2,2022-08-18
2022-01-24,1,2022-08-25
2022-02-10,1,2022-08-25
2022-02-14,1,2022-08-25
2022-02-23,3,2022-08-25
2022-02-25,1,2022-08-25
2022-02-28,1,2022-08-25
2022-03-03,1,2022-08-25
2022-03-04,1,2022-08-25
2022-03-10,2,2022-08-25
2022-03-11,1,2022-08-25
2022-03-15,1,2022-08-25
2022-03-25,1,2022-08-25
2022-03-30,1,2022-08-25
2022-04-09,1,2022-08-25
2022-04-10,1,2022-08-25
2022-04-13,1,2022-08-25
2022-05-05,1,2022-08-25
2022-05-14,1,2022-08-25
2022-05-22,1,2022-08-25
2022-06-04,1,2022-08-25
2022-06-18,1,2022-08-25
2022-06-28,1,2022-08-25
2022-07-07,1,2022-08-25
2022-07-10,1,2022-08-25
2022-07-15,1,2022-08-25
2022-07-18,2,2022-08-25
2022-07-20,2,2022-08-25
2022-07-24,1,2022-08-25
2022-08-02,1,2022-08-25
2022-08-06,1,2022-08-25
2022-08-08,1,2022-08-25
2022-08-10,1,2022-08-25
2022-08-12,1,2022-08-25
2022-08-15,2,2022-08-25
2022-08-16,4,2022-08-25
2022-08-17,2,2022-08-25
2022-08-18,3,2022-08-25
2022-08-19,1,2022-08-25
2022-08-20,2,2022-08-25
2022-08-21,3,2022-08-25
2022-08-22,3,2022-08-25
2022-02-04,1,2022-09-01
2022-02-06,1,2022-09-01
2022-02-16,2,2022-09-01
2022-02-18,2,2022-09-01
2022-02-19,1,2022-09-01
2022-02-25,1,2022-09-01
2022-02-26,1,2022-09-01
2022-02-27,1,2022-09-01
2022-03-19,1,2022-09-01
2022-04-02,1,2022-09-01
2022-04-12,1,2022-09-01
2022-04-19,1,2022-09-01
2022-04-22,1,2022-09-01
2022-04-23,1,2022-09-01
2022-05-19,1,2022-09-01
2022-05-29,1,2022-09-01
2022-06-09,1,2022-09-01
2022-06-24,1,2022-09-01
2022-06-27,1,2022-09-01
2022-07-12,1,2022-09-01
2022-08-04,1,2022-09-01
2022-08-08,1,2022-09-01
2022-08-20,1,2022-09-01
2022-08-22,3,2022-09-01
2022-08-25,3,2022-09-01
2022-08-28,3,2022-09-01
2022-08-29,2,2022-09-01
2022-08-30,5,2022-09-01
2022-08-31,2,2022-09-01
2022-01-30,1,2022-09-15
2022-02-04,1,2022-09-15
2022-02-11,1,2022-09-15
2022-02-12,3,2022-09-15
2022-02-23,2,2022-09-15
2022-02-27,1,2022-09-15
2022-03-01,1,2022-09-15
2022-03-02,1,2022-09-15
2022-03-15,1,2022-09-15
2022-03-16,2,2022-09-15
2022-04-04,1,2022-09-15
2022-04-12,1,2022-09-15
2022-04-22,1,2022-09-15
2022-05-26,1,2022-09-15
2022-06-08,1,2022-09-15
2022-07-20,1,2022-09-15
2022-07-26,1,2022-09-15
2022-08-04,1,2022-09-15
2022-08-09,1,2022-09-15
2022-08-14,1,2022-09-15
2022-08-15,2,2022-09-15
2022-08-18,1,2022-09-15
2022-08-29,1,2022-09-15
2022-08-30,2,2022-09-15
2022-08-31,4,2022-09-15
2022-09-01,2,2022-09-15
2022-09-02,4,2022-09-15
2022-09-03,2,2022-09-15
2022-09-04,3,2022-09-15
2022-09-06,1,2022-09-15
2022-09-07,2,2022-09-15
2022-09-08,4,2022-09-15
2022-09-09,1,2022-09-15
2022-09-10,1,2022-09-15
2022-09-12,2,2022-09-15
2022-09-13,1,2022-09-15
2022-09-14,1,2022-09-15
2022-01-03,1,2022-09-22
2022-01-13,1,2022-09-22
2022-08-06,1,2022-09-22
2022-09-09,2,2022-09-22
2022-09-11,1,2022-09-22
2022-09-13,1,2022-09-22
2022-09-15,1,2022-09-22
2022-09-16,2,2022-09-22
2022-09-17,1,2022-09-22
2022-09-18,1,2022-09-22
2022-09-19,5,2022-09-22
2022-09-20,3,2022-09-22
2022-04-04,1,2022-09-29
2022-09-07,1,2022-09-29
2022-09-12,1,2022-09-29
2022-09-16,2,2022-09-29
2022-09-20,1,2022-09-29
2022-09-21,4,2022-09-29
2022-09-22,2,2022-09-29
2022-09-23,2,2022-09-29
2022-09-25,1,2022-09-29
2022-09-26,2,2022-09-29
2022-09-27,3,2022-09-29
2021-12-29,1,2022-10-06
2022-02-08,1,2022-10-06
2022-02-10,1,2022-10-06
2022-02-14,1,2022-10-06
2022-03-02,1,2022-10-06
2022-03-08,1,2022-10-06
2022-03-10,1,2022-10-06
2022-08-04,1,2022-10-06
2022-08-06,1,2022-10-06
2022-08-07,1,2022-10-06
2022-08-11,1,2022-10-06
2022-08-24,1,2022-10-06
2022-09-09,1,2022-10-06
2022-09-14,1,2022-10-06
2022-09-21,1,2022-10-06
2022-09-22,1,2022-10-06
2022-09-23,1,2022-10-06
2022-09-26,2,2022-10-06
2022-09-28,4,2022-10-06
2022-10-01,1,2022-10-06
2022-10-02,2,2022-10-06
2022-10-03,1,2022-10-06
2022-10-04,1,2022-10-06
2022-10-05,1,2022-10-06
2022-08-14,3,2022-10-13
2022-08-24,1,2022-10-13
2022-09-23,1,2022-10-13
2022-10-03,3,2022-10-13
2022-10-04,1,2022-10-13
2022-10-05,2,2022-10-13
2022-10-06,1,2022-10-13
2022-10-07,1,2022-10-13
2022-10-09,5,2022-10-13
2022-10-10,1,2022-10-13
2022-10-12,1,2022-10-13
2022-10-03,2,2022-10-20
2022-10-09,1,2022-10-20
2022-10-11,1,2022-10-20
2022-10-12,1,2022-10-20
2022-10-13,2,2022-10-20
2022-10-14,2,2022-10-20
2022-10-15,1,2022-10-20
2022-10-16,4,2022-10-20
2022-10-17,2,2022-10-20
2022-10-18,1,2022-10-20
2022-01-28,1,2022-10-27
2022-05-02,1,2022-10-27
2022-07-09,1,2022-10-27
2022-07-20,1,2022-10-27
2022-08-20,1,2022-10-27
2022-09-04,1,2022-10-27
2022-09-27,1,2022-10-27
2022-10-03,1,2022-10-27
2022-10-07,1,2022-10-27
2022-10-19,1,2022-10-27
2022-10-20,5,2022-10-27
2022-10-21,2,2022-10-27
2022-10-22,4,2022-10-27
2022-10-23,4,2022-10-27
2022-10-24,2,2022-10-27
2022-10-25,1,2022-10-27
2022-02-26,1,2022-11-03
2022-02-28,1,2022-11-03
2022-03-04,1,2022-11-03
2022-03-08,1,2022-11-03
2022-03-15,1,2022-11-03
2022-03-26,2,2022-11-03
2022-04-01,1,2022-11-03
2022-04-03,1,2022-11-03
2022-04-04,1,2022-11-03
2022-04-05,1,2022-11-03
2022-04-13,1,2022-11-03
2022-04-16,1,2022-11-03
2022-04-26,1,2022-11-03
2022-04-27,1,2022-11-03
2022-05-03,1,2022-11-03
2022-07-20,1,2022-11-03
2022-07-31,1,2022-11-03
2022-08-05,1,2022-11-03
2022-09-11,1,2022-11-03
2022-09-19,1,2022-11-03
2022-10-01,1,2022-11-03
2022-10-02,1,2022-11-03
2022-10-04,1,2022-11-03
2022-10-14,1,2022-11-03
2022-10-16,1,2022-11-03
2022-10-19,1,2022-11-03
2022-10-21,1,2022-11-03
2022-10-25,1,2022-11-03
2022-10-27,1,2022-11-03
2022-10-28,5,2022-11-03
2022-10-29,3,2022-11-03
2022-10-30,3,2022-11-03
2022-10-31,2,2022-11-03
2022-11-02,1,2022-11-03
2022-02-18,1,2022-11-10
2022-08-26,1,2022-11-10
2022-10-17,1,2022-11-10
2022-10-28,1,2022-11-10
2022-10-31,3,2022-11-10
2022-11-01,1,2022-11-10
2022-11-02,1,2022-11-10
2022-11-03,1,2022-11-10
2022-11-04,2,2022-11-10
2022-11-05,1,2022-11-10
2022-11-06,1,2022-11-10
2022-11-07,3,2022-11-10
