date,med_a,q5_a,q95_a,med_b,q5_b,q95_b,med_b_c,q5_b_c,q95_b_c,med_c,q5_c,q95_c,med_d,q5_d,q95_d,med_d_c,q5_d_c,q95_d_c,med_e,q5_e,q95_e,n_true_retro,err_a_7,err_b_7,err_d_7,log_a_7,log_b_7,log_d_7,crps_a_7,crps_b_7,crps_d_7
2020-10-20,3,0,12,3,0,7,3,0,9,6,1,17,6,1,18,4,0,17,6,0,20,4,1.2857142857142858,1.1428571428571428,3,1.8004736856610575,1.496601219477385,2.45799219307607,0.8270424642857142,0.7045865625,2.0259935803571425
2020-10-21,3,0,8,2,0,7,3,0,9,5,1,13,4,0,11,3,0,11,3,0,11,3,0.7142857142857143,1.1428571428571428,0.8571428571428571,1.318588948370064,1.2528061569238909,1.8320784026207768,0.6415091696428571,0.6480543660714285,0.8533122767857141
2020-10-22,2,0,7,2,0,7,3,0,8,5,0,12,3,0,9,2,0,8,2.5,0,8,9,2,2,1.5714285714285714,2.036539581937844,2.0224212306393734,1.8619710716099913,1.4534199285714287,1.4755366875000002,1.1698964464285715
2020-10-23,2,0,7,2,0,6,3,0,8,4,0,11,2,0,8,2,0,7,2,0,8,7,2.857142857142857,2.857142857142857,2.7142857142857144,2.4389678066860125,2.391461560072271,2.424511392487699,2.0700039375,2.1018046339285714,1.8359262589285716
2020-10-27,5,0,22.02500000000009,3,0,9,4,0,11,9,2,25,6,1,33,6,1,24,8,1,35,10,3,4.142857142857143,2.5,2.7094031866416546,3.08456057827242,2.6020221450996694,1.9301804196428571,3.0233109732142855,1.6097724910714284
2020-10-28,3,0,10,3,0,8,4,0,10,6,1,18,4,0,13,4,0,12,4,0,15,9,5,5.285714285714286,4.714285714285714,3.809610868505317,4.5071957078767095,3.4487345764912907,3.7824864642857143,4.185932187500001,3.238547517857143
2020-10-29,5,0,17,4,0,12,5,1,12,9,2,24,7,1,27,6,1,23,8,1,32,9,3.7142857142857144,4.714285714285714,3,3.031685101737595,3.7510914690284056,2.7971655523722543,2.3745105892857143,3.5090410000000003,1.7911732142857142
2020-10-30,4,0,11,4,0,12,4,1,12,9,2,25,5,1,16,5,1,16,6,1,22,10,5.142857142857143,5.142857142857143,4.571428571428571,3.8431144309131384,3.8408287397347065,3.321109203530312,3.7905375,3.8073086875,3.0591701785714287
2020-11-03,19,5,76,9,2,23,12,4,28,62,21,206,29,8,114.02500000000009,29,7,110.02500000000009,31,8,129.0250000000001,20,5.142857142857143,5.428571428571429,8.857142857142858,3.35352549569072,3.3951061224961894,3.6470396952439534,4.229753491071428,4.140581517857143,6.5226304910714274
2020-11-04,14,4,43.02500000000009,11,3,24,12,4,26,41,15,103,19,5,54,20,5,59.02500000000009,20,6,64,21,4.285714285714286,6.571428571428571,3.4285714285714284,3.037704048116729,3.727680765820813,3.0517420164972298,2.7452927053571425,4.898927267857143,2.594384901785714
2020-11-05,11,3,33,10,3,22,11,4,24,31,12,75,15,4,42,16,5,49,16,4,49.02500000000009,23,7.428571428571429,9.142857142857142,5.571428571428571,3.7389270735797777,4.599226516501809,3.372553708391767,5.157250330357143,6.880872571428572,3.7071390267857143
2020-11-06,16,5,48,13,5,27,15,6,30,51,22,116,20,6.9750000000000085,54,24,8,77,23,8,70.02500000000009,25,5.571428571428571,8.142857142857142,3.7142857142857144,3.471291967025807,4.326683152636547,3.1970288565769294,3.556046482142857,5.740903044642858,2.8029255357142855
2020-11-10,22,7,63,23,10,46,20,9,38,268,100.97500000000001,813.0500000000002,29,10,74.02500000000009,37,12,101,36,11,99.02500000000009,35,5.428571428571429,7,3.2857142857142856,3.424916392561173,3.442115429934209,3.268091174321851,3.6930706428571427,4.315055544642857,2.8367107767857136
2020-11-11,16,5,42,19,8,36,20,9,36,158,52,495.0500000000002,21,7,48,24,6,66,23,6,65,27,12.285714285714286,11.142857142857142,10.142857142857142,4.501039334835873,4.3683654228548585,4.043367735768548,8.647392535714285,7.635704285714286,6.653015544642858
2020-11-12,30,10,76,25,11,48,28,14,51,198,64,594.0500000000002,38,14,92,51,17,139,46,15,127,28,3.7142857142857144,3.7142857142857144,5,3.310616878278031,3.1703702980761213,3.365856316901608,3.158264428571428,2.8096077857142854,3.8675580624999992
2020-11-13,35,12,94.02500000000009,28,12,54,32,15,57,210,72,633,42,16,104,67,23,174,53,15,155,33,5.285714285714286,4.142857142857143,7.714285714285714,3.4303682550889216,3.214731594819826,3.505721409221353,4.2800239910714275,2.889287571428571,5.3648963303571415
2020-11-17,86,31,279,46,23,89,51,27,89,513.5,148.97500000000002,1781.3250000000012,91,35,250,152,51.97500000000001,453,131,44.97500000000001,407.0750000000003,44,41.285714285714285,10.857142857142858,45.57142857142857,5.59741634638847,3.9775075696915914,5.993021331606205,30.107113383928567,7.65153294642857,33.81184496428571
2020-11-18,69,25.97500000000001,179,53,28.97500000000001,89,48,27,79,321,90,1116.1750000000006,75,32,166.0250000000001,101,37,251,90,35,230.0250000000001,51,25.428571428571427,8.142857142857142,30.142857142857142,4.831806131831594,3.73902347177409,5.301010858897147,17.769889848214284,6.133759330357142,21.503198732142856
2020-11-19,48,17,132,49,26,85.02500000000009,40,21,69,303,75.97500000000001,1136.0750000000003,53,21,130.0250000000001,65,24,165,58,21,154,46,3.2857142857142856,3.857142857142857,6.714285714285714,3.636962398033359,3.3733203104499325,3.7390358193388042,4.556766705357141,3.287283794642857,5.6415769285714275
2020-11-20,61,23,159,51,27,86.02500000000009,39,20,65,279,73,1045.0500000000002,60,25,140,77,32,186.0250000000001,72,29,174,47,10.857142857142858,5,10.857142857142858,3.867967776758543,3.426339925174181,3.8407168846181485,7.852360491071427,3.781813303571428,7.4232778124999985
2020-11-24,61,25,145,46,27,75,39,22,63,132,55,302,65,29,144,72,30,162,67,28,150.0250000000001,69,5.142857142857143,8.142857142857142,4.714285714285714,3.8093666041443965,3.8067730685244507,3.735488294012964,5.010368178571428,5.948683482142857,4.7421428035714275
2020-11-25,40,16,95,45,24,74,37,20,61,55,21,126,44,19,94,46,18,106,44,18,98,70,17.714285714285715,14.714285714285714,16.571428571428573,4.421133622779994,4.358586825728672,4.365020649881368,11.025528625,9.900877098214286,10.316925642857143
2020-11-26,47,19.97500000000001,112,51,29,82,42,23,68,69,31,141,52,23,109,54,23,118,53,23,110,61,12.428571428571429,11.714285714285714,10.428571428571429,4.065702891750943,3.99760017200418,3.90393606815215,7.5408359375,7.421529848214286,6.258399187499999
2020-11-27,41,17,90,49,28,78,43,24,68,102,45,225,47,20,90,47,19,99.02500000000009,46,20,90,65,18.428571428571427,15.142857142857142,16.428571428571427,4.686554663765042,4.487289869449861,4.52517919286687,12.404703839285714,10.282454044642858,10.97492842857143
2020-12-01,85,34,215,73,45,113,54,32,85,304,130.97500000000002,757.2000000000007,95,45,199,101,41,234.05000000000018,104,47,235.05000000000018,68,25.571428571428573,14.571428571428571,29.142857142857142,4.614681669338579,4.231807919352453,4.779379306820386,17.161100901785712,10.242718357142856,19.4454594375
2020-12-02,64,25,149,66,41,100,55,33,86,190,89,373.0250000000001,79,37,151,74,33,156,81,37,160,71,14.714285714285714,11.285714285714286,17.428571428571427,4.366766624566294,4.120971351629773,4.489995387844786,10.968183982142856,8.658471375,12.672013089285713
2020-12-03,50,19,116,62,37,97,54,30,86,166,78,353,61,25,127,57,23,125,61,27,127.02500000000009,77,13.285714285714286,8.142857142857142,10,4.13738463406797,3.7860689393205136,3.9771596963834273,8.585807080357142,5.700993294642856,6.534092651785714
2020-12-04,45,18,105,63,36,99,54,31,88,120,50,263.0250000000001,54,24,109.02500000000009,50,21,107,52,22,105,71,17.714285714285715,8.428571428571429,13.142857142857142,4.366524028813764,3.7471263432991564,4.129202838603604,11.133196151785715,5.50017625,8.362282464285714
2020-12-08,53,22,118,51,30,80,54,31,85,84,42,161,55,26,116,55,24,116,55,25,107,54,15,13,13.857142857142858,4.436793512577859,4.134283546706211,4.3119766144723695,10.200230187499999,8.4887495,9.416922491071428
2020-12-09,46,19,101.02500000000009,56,34,88,53,30,84,84,43,156,50,23,95,51,22,102,50,23,95,76,19.571428571428573,13.857142857142858,17,4.827354154922781,4.331510809670584,4.639745881281993,13.744999017857143,9.487243875,12.091323169642859
2020-12-10,45,18,99,53,30,84,55,32,89,74,37,135,41,1,87,48,22,96,47,22,88,86,23.571428571428573,16.142857142857142,26.142857142857142,5.237456040714859,4.569112654974003,5.263533889412684,16.880202875000002,11.758346464285715,19.251259017857144
2020-12-11,65,28,136,50,29.97500000000001,78,65,38,102,82,46,134,67,34.97500000000001,117,69,32,129,66,37,109,89,12.428571428571429,15.214285714285714,11.714285714285714,3.9833102420078665,4.3352656690155795,3.913387869882648,7.406214044642857,10.762735544642858,7.0027865625
2020-12-15,157,67.97500000000001,360,59,37,88.02500000000009,78,47,124,96,59,152,105,57,207,140,70,293,109,60,224,88,66.42857142857143,12.285714285714286,26.714285714285715,5.9066434262608665,4.303351327849485,4.70891022773879,46.887978357142856,9.802077919642857,18.03702977678571
2020-12-16,83,39.97500000000001,169,59,36,89,73,44.97500000000001,114,84,52.97500000000001,129,75,45,121,84,46,144.0250000000001,74,44.97500000000001,120,102,9.142857142857142,21.214285714285715,10.428571428571429,4.1267217098955316,5.047400278409091,4.034590542724403,7.177697982142856,15.662573758928572,7.3876876339285715
2020-12-17,88,43,170.0250000000001,63,39,95,73,44,114,83,51.97500000000001,130,75,44,126,81,47,137,76,45,124,118,9.857142857142858,25.285714285714285,15,4.137866813824781,5.46552175983066,4.262306139130794,7.558722241071428,19.098463446428575,10.574111955357143
2020-12-18,73,36,140.0250000000001,62,37,95,73,44,115,84,50,132,69,39,109,75,43,124,69,41.97500000000001,112,73,15.285714285714286,23.714285714285715,18.857142857142858,4.33820891033292,5.334015240751755,4.674650798335252,11.102209437499999,17.85749224107143,13.889971303571429
2020-12-22,85,42,165,65,40,97,81,51,123,97,59,152,72,45,118,78,46,132,73,43,119,93,10.857142857142858,21.571428571428573,16.428571428571427,4.241876543470951,5.088558605154434,4.502731234402247,8.184344526785713,15.721718339285715,11.4558438125
2020-12-23,58,29,106,62,39,92,78,48,119,83,48,134,64,37,99,67,39,107,63,37,101,87,30.714285714285715,28.142857142857142,28,5.952579225897924,7.993997876989191,5.934665774771682,22.548733455357144,21.797484776785716,20.9370386875
2020-12-29,88,46,157,59,34,96,55,29,94,97,56,161,78,46,129,84,50,138,83,50,147,73,15.714285714285714,33.57142857142857,17.714285714285715,4.395672588128117,5.835998087753734,4.48709843708135,10.281365482142856,24.782679125,11.843121276785714
2020-12-30,92,49,170.0250000000001,78,46,123,66,37,106,107,61,174,87,52,143,96,57,158,92,55,155,90,10.857142857142858,19.857142857142858,12.428571428571429,4.25070070429902,4.841644821388643,4.215626145833069,8.358382705357142,14.644579375000001,8.635717366071429
2021-01-05,55,25,104,82,44,138,68,37,119,94,59,145,80,42,131.0250000000001,77,42,125,75,37.97500000000001,125,93,34.285714285714285,8,17.928571428571427,5.496219766139872,4.1895388515148495,4.4660611034619615,23.670109866071428,7.018787937499999,11.459836964285714
2021-01-07,87,40,172.0250000000001,69,34,124,67,33,123,92,57,142.0250000000001,74,34,133.0250000000001,74,34,134.0250000000001,67,31,125,103,7.642857142857143,16.571428571428573,18.714285714285715,4.3069606508944025,4.480908335838595,4.515124956260645,7.502687142857141,10.636586526785713,11.556052267857142
2021-01-08,63,29,120,75,36.97500000000001,138,61,30,111,89,54,138,46,19.97500000000001,90,45,19,86,41,17,81,99,30.571428571428573,14,47.142857142857146,5.140627086133149,4.43744261879033,7.448971881704794,20.081924026785714,9.679786008928572,37.77900486607143
2021-01-12,101,53,187,76,39,133,77,40,131,84,52,125,67,36,117,68,37,116,66,34,116,89,10.642857142857142,8.428571428571429,21.285714285714285,4.244993517823472,4.243589727049951,4.631874615433913,8.514970785714285,7.774037857142856,13.018711758928573
2021-01-13,46,22,87,72,37,132,70,35,123,77,48,118,55,28,95,54,28,96,57,29,96,91,47,12.428571428571429,36,9.398601068698897,4.2852170799213996,6.410329355610313,39.29836788392857,7.896019017857142,27.43096980357143
2021-01-14,93,49.97500000000001,170,74,38,135.0250000000001,73,36,130.0250000000001,96,63,139,92,50,153,93,52,145,98.5,62,149.0250000000001,98,4.142857142857143,9,4.285714285714286,4.130307281167188,4.232055176134922,4.011845570910447,5.986507330357141,7.261629374999999,5.591292928571427
2021-01-15,81,42,141,72,35,129,75,38,134,85,55,125,81,45,135,85,50,133,97,59,145,91,12,8.714285714285714,10,4.173480525931853,4.202292688450063,4.0390491006382,7.584998785714285,7.1467766785714275,6.518925125
2021-01-19,96,50,166,60,29.97500000000001,108,64,33,117,86,57,125,97,55,165,99,62,152,100,63,152,92,11.857142857142858,12,18,4.237845727301213,4.324669519779809,4.367138695476493,9.155344848214284,8.704092044642856,12.00199283035714
2021-01-20,96,53,165,63,31,116,62,29,116,81,54,116.02500000000009,92,53,150,93,57,140.0250000000001,93,56,147,88,13.428571428571429,12.428571428571429,13.857142857142858,4.225222693316684,4.285072220707009,4.265362613609423,9.632184535714284,8.79039857142857,10.055676875
2021-01-21,79,42,137,62,29,118,60,28,112,72,46,105,69,36,116,76,43,122.02500000000009,71,37,120,88,8,15.857142857142858,11.857142857142858,4.007025032457888,4.360449906285367,4.117559717639153,5.9450522321428565,10.241634785714286,8.014264749999999
2021-01-22,66,33,117,64,29,122,58,26,111,68,41,102,59,29,104,66,33.97500000000001,109,60,30,109,62,16.142857142857142,14.714285714285714,19.142857142857142,4.363716750600214,4.348009190915866,4.67264912820437,10.401795723214285,9.581602785714285,13.15576467857143
2021-01-26,70,36,123,58,26,116.02500000000009,61,28,117,61,37,92,60,30,104,68,36,114,61,29,110,67,9.571428571428571,8.857142857142858,8,4.048780856725323,4.194417018451153,3.983533023506761,7.08655194642857,7.3281538035714275,6.551380366071428
2021-01-27,78,40,134,64,28,127,64,30,122,61,36,92,68,36,117,73,42,118,74,37,128,54,13,7.571428571428571,8.857142857142858,4.121656217539864,4.0263763878009176,3.8896795893215765,9.085513017857142,6.306246651785713,6.5321316964285705
2021-01-28,56,25,104,49,20,104,57,25,112,50,29,79,42,19,78,49,23,85.02500000000009,43,19,86,56,5.714285714285714,8.571428571428571,14.285714285714286,3.8681624352431543,4.004496863442844,4.27450445780371,5.3413309107142855,6.275783526785714,9.284757330357143
2021-01-29,47,21,92,51,21,111,56,23,110,48,27,77.02500000000009,36,15,70,39,17,72,35,15,68,58,14.857142857142858,10.285714285714286,20.571428571428573,4.377930030465705,4.154423251379537,5.140297098995289,9.633226517857143,7.218147008928571,14.607596767857144
2021-02-02,76,41,125,77,39,143,63,30,117,60,35,96,66,31,119,68,33,119,68,34,121,43,23.571428571428573,24.285714285714285,17,4.621776362745976,4.567535308082348,4.166522307575627,15.674119883928569,16.078702803571424,10.834012160714284
2021-02-03,71,37.97500000000001,120,55,25,113,64.5,31,119,57,34,90,58,31,100,58,30,104,56,28,100,52,19,9,9.857142857142858,4.369048729414763,3.90690623384457,3.830437925072113,12.574217178571427,6.635486839285712,6.921052401785714
2021-02-04,51,22,96,47,20,97,62,28.97500000000001,117,47,27,76,38,17,71.02500000000009,35,15,67,35,15,68,31,6,6.857142857142857,8.142857142857142,3.713547544943956,3.776797532974591,3.73449313854767,5.213751348214285,5.407311169642856,5.3483558392857145
2021-02-05,53,25,95,50,21,101,62,30,116,48,27,76,42,20,76,39,18,72,38,17,71,36,8.142857142857142,8.428571428571429,6.285714285714286,3.7258861085939636,3.8129163346216988,3.5359255504866147,6.0840124910714275,6.330736937499999,4.328672919642857
2021-02-09,52,20,109,52,25,93,61,31,105,42,24,68,33,15,63,31,14,59,30,12,59,25,15,12.285714285714286,6,4.125122363698699,4.030578925207821,3.5079147217114297,10.019023499999998,8.540655366071428,4.2126515357142855
2021-02-10,54,22,108.02500000000009,55,27,99,57.5,28,104,42,23,68,39,20,68,36,18,66.02500000000009,37,18,66,28,18.142857142857142,15.571428571428571,7.857142857142857,4.24132360780443,4.140949454466198,3.5484547378858022,11.968051794642856,10.568059937499998,5.383481401785713
2021-02-11,30,12,60,49,22,95,51,24,95,35,19,58,26,11,49,23,10,45,23,9,45,33,4.428571428571429,8.428571428571429,6.428571428571429,3.3844624175132614,3.6405422976997563,3.5335225507488066,3.4706680714285714,5.8963244464285705,4.303807633928571
2021-02-12,32,14,63,50,23,92,52,25,97,38,21,62,32,15,59,26,12,50,27,11.975000000000009,53,29,3.142857142857143,11,3.142857142857143,3.2626571627396643,3.754274182454018,3.164467839705518,2.828144508928571,7.5284795624999985,2.6767310624999996
2021-02-16,30,12,60,46,24,81.02500000000009,54,29,92,37,21,60,32,14,61,27,11,51,27,11,55,22,3.2857142857142856,18.214285714285715,4.142857142857143,3.2968619496619187,4.4457731002814525,3.3266377378936296,3.017698160714285,12.551541017857142,3.399429098214285
2021-02-17,28,11,56.02500000000009,45,23,80,54,29,92,35,20,58,31,14,57,26,12,48,26,10,51.02500000000009,34,4.285714285714286,15.857142857142858,4.857142857142857,3.272544488969492,4.318902254638218,3.27130882371283,3.072579303571428,10.858920107142856,3.3004925357142856
2021-02-18,25,10,51,42,21,72,53,29,88,34,19,55,26,11,51,23,10,43,22,8,43,18,4.285714285714286,15.428571428571429,4.285714285714286,3.202680672918476,4.29753142859822,3.193122592766174,2.8835090625,10.464688937499998,2.928765928571428
2021-02-19,28,12,57,42,22,72,54,29,89,34,19,55,30,14,56,26,12,46,25,11,47,25,3.7142857142857144,15.142857142857142,3.857142857142857,3.1375045448189107,4.353774216157923,3.161669836570804,2.8977847857142853,10.599786767857141,3.107336491071428
2021-02-23,29,12.975000000000009,58,39,22,62,33,18,56,37,21,58,30,13,55,26,12,46,26,12.975000000000009,47,13,5.857142857142857,18.857142857142858,7.142857142857143,3.496330505793295,5.268585446506461,3.5991351520625257,4.767107008928571,13.738825473214284,5.355663973214285
2021-02-24,27,12,52,36,20,59,30,15,50,35,20,56.02500000000009,28,13,50,26,13,44,27,14,46,26,5.142857142857143,15.428571428571429,6.142857142857143,3.308779832513781,4.954241461033144,3.439249108611086,3.896480098214285,11.343936482142857,4.535794446428571
2021-02-25,21,8,41,36,20,62,26,13,45,33,18,53,22,9,43,22,10,37.02500000000009,22,10,39,20,5.142857142857143,11.857142857142858,4.285714285714286,3.3048714525085687,4.223501097270814,3.189049487664377,3.527373982142857,8.179921330357143,3.049560625
2021-02-26,21,9,43,41,21,68,25,12,42,33,18,54,22,10,42,23,11,38,22,11,39,18,4.142857142857143,13,3.7142857142857144,3.131267988667286,4.328975170050912,3.050799539204351,2.927538419642857,9.52038913392857,2.740960589285714
2021-03-02,23,10,47.02500000000009,40,23,64,29,16,47,37,21,57,27,13,48,27,14,45.02500000000009,27,14,47,24,2.142857142857143,18.785714285714285,3.5714285714285716,3.0184150850666573,5.353108608034901,3.085533775173831,2.1795591160714283,14.003189830357142,2.7798619821428567
2021-03-03,25,10,49,39,22,62,30,16,49,37,21,57,30,15,51,29,15,49,30,16,50,20,4.285714285714286,17.714285714285715,6.285714285714286,3.156132708276906,5.4398663984230105,3.3677435335206534,3.0243277321428566,13.250634741071428,4.294203642857142
2021-03-04,22,9,45,36,20,59,30,16,49,37,20.97500000000001,60,27,12,48,29,14,49,30,15,50,19,3,19.285714285714285,4.142857142857143,3.0016021048557566,5.605406348628032,3.1109283705405204,2.393383866071428,14.578346366071427,3.0794696874999996
2021-03-05,21,8,44,37,19,63,29,16,49,39,22,62,26,12,48,28,14,48,29,13,49,15,2.857142857142857,18.285714285714285,4.285714285714286,2.9053659494957675,5.0711989367621575,3.048961709442293,2.2276612857142855,13.488399160714284,2.960490383928571
2021-03-09,26,11,56,47,28,73,32,18,52,39,16,78.02500000000009,30,14,55.02500000000009,34,18,58,34,17,59,20,7.142857142857143,28.857142857142858,11.428571428571429,3.455591862655472,7.520109598454971,4.019195070025521,4.937142526785713,23.067480732142855,7.925467991071428
2021-03-10,17,2,57,39,18,76,31,17,50,36,14,81,20,8,40,25,10,48,24,10,46,21,3.5714285714285716,18.428571428571427,2.5714285714285716,3.109208102206576,4.700746835887524,2.8629944457445298,2.940445026785714,13.058893374999998,2.0800124821428567
2021-03-11,17,7,36,39,15,87,31,17,51,38,15,83,20,8,40,25,11,47.02500000000009,23,10,47,16,2.2142857142857144,14.142857142857142,3.142857142857143,2.8166088484930674,4.113053292279812,2.8566050220207186,2.045321946428571,9.6822248125,2.1844058482142854
2021-03-12,19,8,40,36,13,82,34,18,54,42,17,98,21,9,42,29,13,53,27,12,51,20,2.142857142857143,12.285714285714286,2.4285714285714284,2.80457018121534,3.84269615396715,2.8273021335837227,1.8876703482142854,8.410733562499999,2.0329937767857142
2021-03-16,26,11,57,41,18,77.02500000000009,37,22,57,47,22,95.02500000000009,27,12,54,39,20,64,39,19,65,16,6.285714285714286,23.428571428571427,9.285714285714286,3.281449318790152,5.187238546725191,3.596566289811707,4.116259883928571,16.99987595535714,5.9626900267857135
2021-03-17,20,8,41,40,17,86,35,21,55,47,21,96,23,9,45,31,13,55,31,14,54,19,1.4285714285714286,16.428571428571427,2.2857142857142856,2.8280532964091614,4.204737860889444,2.9092891825957583,1.688289839285714,11.07319419642857,2.1027406696428566
2021-03-18,17,7,35,32,11,76,34,19,54,42,17,93,18,7,38,21,9,42,22,9,42,19,3,9.142857142857142,2.357142857142857,2.941554967851436,3.501391138260288,2.906923457702711,2.086502732142857,5.808096026785713,1.924803232142857
2021-03-19,16,6,33.02500000000009,28,9,71,34,19,56,38,14.975000000000009,94,17,6,35,19,7,37,19,7,37,11,3.5714285714285716,5.714285714285714,3.7142857142857144,2.9505357344928584,3.276724045283832,2.9416055947227155,2.407329339285714,4.235740633928571,2.371639803571428
2021-03-23,24,10,50,25,10,53,33,19,51,70,35,128,27,11,57,26,12,49,24,11,47.02500000000009,14,5.571428571428571,7.857142857142857,7.714285714285714,3.202813649113149,3.444006359840301,3.4316532017049126,3.9522504821428566,5.348925241071427,5.161171892857142
2021-03-24,18,7,36,22,9,47,32,17,52,66,32,126,19,7,39,20,8.975000000000009,39,19,7,37,16,1.8571428571428572,3.7142857142857144,2.7142857142857144,2.754828964148016,2.971824148937605,2.817250842394349,1.771289089285714,2.7337113839285707,2.0102963303571424
2021-03-25,20,8,41,21,9,42,30,16,50,66,27,129,21,8,45.02500000000009,21,9,41,20,8,42,22,3.7142857142857144,4,4.285714285714286,2.912317318404929,2.974533344348495,3.0076781854033863,2.4363599553571422,2.722516160714285,2.8103827946428566
2021-03-26,19,8,36,20,9,38,28,14,47,61,22,135.0250000000001,19,8,38.02500000000009,20,8,38,18,7,37,22,3,2.9285714285714284,3.2857142857142856,2.8234161975162895,2.802179666475856,2.867162394940753,2.064284875,2.0185097946428567,2.193686098214285
2021-03-30,22,10,44,19,9,32,26,12,45,66,22,165,22,9,50.02500000000009,24,10,52,23,10,57,17,2.4285714285714284,1.1428571428571428,2.5714285714285716,2.901490748019565,2.706767289721401,2.9494923477832846,2.1528309553571425,1.4693542321428568,2.2575309107142854
2021-03-31,15,6,29.02500000000009,18,9,31,22,11,39,50,15,146,14,5,27,15,6,30,14,6,27,24,6.285714285714286,4.857142857142857,7.571428571428571,3.4873725108182456,3.17190476216391,3.905317690175152,4.021215946428572,3.1522087410714286,5.135518178571429
2021-04-01,19,8,35,19,9,32,23,11,40,51,18,143.0250000000001,17,7,31,19,8,37,18,8,35,25,3.7142857142857144,4,4.857142857142857,2.9689032028268376,2.922809284140258,3.154893299691983,2.3960818303571427,2.407640625,3.1424720625
2021-04-06,20,9,36,19,9,33,21,10,37,84,33,191.0250000000001,18,8,38,19,7,39,19,7.9750000000000085,41,13,3.7142857142857144,5,4,3.047743847780675,3.138980748516719,3.092013054838188,2.5595931428571426,3.044829392857143,2.643115366071428
2021-04-07,17,7,32.02500000000009,17,8,31,20,9,36,74,28,167,15,6,29,15,5,30,15,5,30,22,4,4.428571428571429,5.285714285714286,3.0164539003880764,3.0539834606889533,3.2766816531559786,2.6063367142857143,2.7273398839285714,3.5394510714285716
2021-04-08,17,7,31,18,8,32,20,9,36,73,29,161,14,5,28,15,6,30,15,6,29,22,4.285714285714286,3.857142857142857,5.714285714285714,3.0583971983484837,2.974639851794488,3.3698492611402697,2.683959776785714,2.444964982142857,3.8270489553571427
2021-04-09,17,7,31,18,8,33,20,9,36,72,30.97500000000001,164,15,5,30,14,6,28,14,5,29,24,3.7142857142857144,3,5.142857142857143,2.91040504621004,2.8316206164551994,3.201054697399707,2.2900837410714283,1.9836775982142856,3.283411026785714
2021-04-13,18,8,31,19,9,34,21,10,36,60,24,134,15,6,33,16,6,33,16,6,32,21,3.5714285714285716,3.142857142857143,5,2.9879688183675666,3.0103614322969676,3.202904901348063,2.5595748214285714,2.481961821428571,3.1054250625
2021-04-14,20,10,34,21,11,37,22,11,38,58,28.97500000000001,110,20,8,38,19,9,37,19,8,38,28,4.142857142857143,4.714285714285714,4.142857142857143,3.122996966620416,3.2558875332609003,3.1402534037351337,2.963602169642857,3.378517732142857,3.009245928571428
2021-04-15,22,11,40,21,10,37,22,11,37,58,28,113,25,12,51,25,12,48.02500000000009,27,11,51,26,3.5714285714285716,3.5,4.714285714285714,3.170154597707881,3.1146007883278117,3.4133212171403504,2.8872943928571426,2.720645214285714,3.788168901785714
2021-04-16,21,10,37,21,11,36,22,11,37,45,21,86,23,10,41,22,11,43,23,10,45,16,4.142857142857143,3.9285714285714284,4.428571428571429,3.1850661871839248,3.145998011379302,3.244203236709855,2.983299571428571,2.948025955357142,3.250784053571428
2021-04-20,23,12,44,22,11,36,22,11,37,59,30,107,26,12,48,25,12,49,27,13,56,26,5.285714285714286,4.857142857142857,5.857142857142857,3.2093367305957234,3.1195814921906115,3.4334340900535367,3.604733616071428,3.199505133928571,4.631391
2021-04-21,19,9,31,19,9,32,20,10,33,49,24,90,20,9,34,19,9,34,20,8,37,24,3.2857142857142856,3.7142857142857144,3.5714285714285716,2.854371078097264,2.8649037254133325,2.9029679014425596,2.351383419642857,2.294624482142857,2.3289532321428568
2021-04-22,18,9,31,19,9,32,19,9,33,43,19,88,17,7,30,17,8,31,17,7,32,17,2.7142857142857144,2.7142857142857144,2.5714285714285716,2.7768827092387856,2.780769898412894,2.870918362206868,2.0580370982142853,2.0114713660714285,2.3320274107142858
2021-04-23,19,9,32,19,10,33,20,9.975000000000009,33,45,19,97,18,8,32,18,8,32,18,8,33,17,3.142857142857143,3.142857142857143,3,2.8041198448686626,2.804834332559133,2.8669104370084977,2.1998501785714284,2.2161384999999996,2.3194684732142856
2021-04-27,20,10,36.02500000000009,20,10,32,22,11,36,40,21,68.02500000000009,21,9.975000000000009,36,22,10,39,23,10,45,23,5,4.857142857142857,5.142857142857143,3.1457422155483172,3.1377704002525504,3.2055986989469294,3.3161487589285708,3.2934246428571425,3.5298713124999996
2021-04-28,19,9,33,20,10,33,21,11,35,41,21,72,19,9,34,20,9,35,21,9,40,21,3.2857142857142856,3.5714285714285716,3.5714285714285716,2.883525372533743,2.939439671033302,2.9552658183052083,2.3927471339285713,2.5826357232142856,2.522304866071428
2021-04-29,12,4,26,18,8,31,19,9,33,33,16,59,11,3,25.02500000000009,18,8,31,12,3,29,20,6.142857142857143,3.5714285714285716,6.857142857142857,3.4655405242180977,2.8622232396304286,3.655976012859662,4.311227419642857,2.271702526785714,4.789504571428571
2021-04-30,17,7,31,19,9,32,20,10,35,29,13,54,17,6.9750000000000085,31,15,5,29,15,5,32,17,3.2857142857142856,2.857142857142857,3.2857142857142856,2.861237889827083,2.7542773415254262,2.9068368377161464,2.2301226785714285,1.9225003928571425,2.3265614375
2021-05-04,19,9,33.02500000000009,18,9,31,20,10,35,24,11,44,19,8,34,18.5,9,33,20,8,41,13,3.5714285714285716,3,3.4285714285714284,2.867574806779217,2.8242390560059287,2.889769219310885,2.4633463571428567,2.2557522946428565,2.4386366428571424
2021-05-05,19,9,34,19,9,32,20,10,34,21,9,41,19,9,35,17,7,30,20,9,36.02500000000009,17,3.2857142857142856,2.5714285714285716,3.2857142857142856,2.7773011323218166,2.682359900149997,2.795579958744831,2.216443678571428,1.8992813124999997,2.245168276785714
2021-05-06,18,8,31,18,9,31,20,10,33,21,9,42,18,8,33,13,4,27,16,6,31,10,3,3,2.7142857142857144,2.733903045483887,2.776474802587393,2.7517497413911016,2.1072675624999997,2.1922774464285713,2.018412526785714
2021-05-07,16,6,30,18,9,31,19,9,33,19,7,40,14,4,28,16,5,31,13,5,27,13,2,3.4285714285714284,2.7142857142857144,2.693574661593665,2.7771068906257494,2.7769554563119714,1.7713494732142854,2.2656140624999996,1.8519825267857142
2021-05-11,19,9,33,18,8,31,19,9,33,18,7,37,18,8,33,16,5.9750000000000085,29,18,8,33,10,4.571428571428571,4.571428571428571,4.285714285714286,3.0645153359703743,3.0340713892382265,2.992408413111082,3.1363980982142854,3.081894553571428,2.9654303482142854
2021-05-12,16,7,30,17,8,30,18,9,31,16,6,35,17,7,29,8,2,20,16,7,29,11,3.5714285714285716,4.142857142857143,3.857142857142857,2.837106534899842,2.872680172248374,2.8346470805735042,2.4829407410714284,2.675194008928571,2.4602052857142853
2021-05-14,14,5,27,16,7,29,18,8,32,15,5,34,13,4,26.02500000000009,8,2,20,12,4,25,24,4.571428571428571,4.142857142857143,5.142857142857143,3.188744828430749,2.9557761074858555,3.226542206858029,3.324607883928571,2.7011232678571426,3.5036210357142856
2021-05-18,16,7,30,16,6,31,18,9,31,14,5,28,15,5,31,19,8,33,14,4,28.02500000000009,9,4.857142857142857,4.857142857142857,4.571428571428571,3.072886427992033,3.0325692349662177,3.013021378420626,3.1836309107142853,3.189475428571428,2.930175633928571
2021-05-19,15,6,28,15,6,30,18,9,31,13,5,28,13,4,28,16,7,30,12,4,25,7,4.571428571428571,4.857142857142857,3.857142857142857,3.0213164653548366,3.057823353500812,2.9490393088264595,3.0929134374999996,3.231033758928571,2.7579133035714283
2021-05-20,9,2,21,11,4,24,18,8,31,12,4,27,6,1,18,14,5,27,6,1,16.02500000000009,13,4.428571428571429,3.4285714285714284,5.714285714285714,3.306199618767558,2.830738084999956,3.7565925142474863,3.2852020892857143,2.3941049910714285,4.151032017857143
2021-05-21,8,2,19,10,3,21,17,8,31.02500000000009,11,4,24,5,0,15,8,1,24.02500000000009,5,0,15,12,3.5714285714285716,1.5714285714285714,4.857142857142857,2.842067892079934,2.485586682030811,3.251273176852722,2.211292330357143,1.3190382678571426,3.230930642857143
